step,day,hour,indoor_temp,outdoor_temp,occupancy,action,energy_kwh,carbon_kg
0,0,0.0,23.25,22.67,0.0,2,0.275,0.2255
1,0,0.25,21.75,22.47,0.0,2,0.275,0.2255
2,0,0.5,,,0.0,3,0.475,0.3895
3,0,0.75,,24.53,0.0,0,0.0,0.0
4,0,1.0,19.13,22.95,0.0,2,0.275,0.2255
5,0,1.25,17.3,23.3,0.0,3,0.475,0.3895
6,0,1.5,18.1,23.71,0.0,0,0.0,0.0
7,0,1.75,16.53,24.51,0.0,3,0.475,0.3895
8,0,2.0,17.38,23.72,0.0,0,0.0,0.0
9,0,2.25,16.83,23.92,,2,0.275,0.2255
10,0,2.5,15.55,25.28,0.0,3,0.475,0.3895
11,0,2.75,16.77,25.29,0.0,0,0.0,0.0
12,0,3.0,16.3,25.46,0.0,2,0.275,0.2255
13,0,3.25,15.98,25.46,0.0,2,0.275,0.2255
14,0,3.5,16.59,27.24,0.0,1,0.125,0.1025
15,0,3.75,16.39,26.12,0.0,2,0.275,0.2255
16,0,4.0,17.18,27.38,0.0,1,0.125,0.1025
17,0,4.25,,26.97,0.0,0,0.0,0.0
18,0,4.5,18.0,27.91,0.0,2,0.275,0.2255
19,0,4.75,18.64,28.04,0.0,1,0.125,0.1025
20,0,5.0,19.65,27.79,0.0,0,0.0,0.0
21,0,5.25,19.42,29.12,0.0,2,0.275,0.2255
22,0,5.5,20.0,29.51,0.0,1,0.125,0.1025
23,0,5.75,21.03,29.51,0.0,0,0.0,0.0
24,0,6.0,20.58,29.2,0.0,2,0.275,0.2255
25,0,6.25,20.41,31.46,0.0,2,0.275,0.2255
26,0,6.5,19.41,30.68,0.0,3,0.475,0.3895
27,0,6.75,19.22,29.89,0.0,2,0.275,0.2255
28,0,7.0,19.2,30.53,0.0,2,0.275,0.2255
29,0,7.25,19.27,32.11,0.0,2,0.275,0.2255
30,0,7.5,20.34,32.63,0.0,1,0.125,0.1025
31,0,7.75,20.42,33.16,0.0,2,0.275,0.2255
32,0,8.0,21.67,32.51,0.0,1,0.125,0.1025
33,0,8.25,22.86,33.43,0.0,1,0.125,0.1025
34,0,8.5,24.06,,0.0,1,0.125,0.1025
35,0,8.75,24.87,33.49,0.0,1,0.125,0.1025
36,0,9.0,27.04,34.26,1.0,0,0.0,0.0
37,0,9.25,27.41,35.01,1.0,2,0.275,0.2255
38,0,9.5,27.85,34.77,1.0,2,0.275,0.2255
39,0,9.75,29.73,36.19,1.0,0,0.0,0.0
40,0,10.0,29.08,35.05,1.0,3,0.475,0.3895
41,0,10.25,30.14,35.11,1.0,1,0.125,0.1025
42,0,10.5,31.76,35.97,1.0,0,0.0,0.0
43,0,10.75,30.94,35.17,1.0,3,0.475,0.3895
44,0,11.0,31.25,36.41,1.0,2,0.275,0.2255
45,0,11.25,,36.55,1.0,1,0.125,0.1025
46,0,11.5,31.46,37.67,1.0,3,0.475,0.3895
47,0,11.75,33.14,37.81,1.0,0,0.0,0.0
48,0,12.0,34.09,37.67,1.0,1,0.125,0.1025
49,0,12.25,35.31,36.17,1.0,0,0.0,0.0
50,0,12.5,34.97,37.57,1.0,2,0.275,0.2255
51,0,12.75,34.61,36.34,1.0,2,0.275,0.2255
52,0,13.0,,36.01,1.0,0,0.0,0.0
53,0,13.25,34.35,35.89,1.0,3,0.475,0.3895
54,0,13.5,33.95,35.45,1.0,2,0.275,0.2255
55,0,13.75,33.67,35.9,1.0,2,0.275,0.2255
56,0,14.0,34.92,35.4,1.0,0,0.0,0.0
57,0,14.25,35.84,34.82,1.0,0,0.0,0.0
58,0,14.5,36.1,34.31,1.0,1,0.125,0.1025
59,0,14.75,36.47,34.81,1.0,1,0.125,0.1025
60,0,15.0,35.0,33.57,1.0,3,0.475,0.3895
61,0,15.25,35.89,33.35,1.0,0,0.0,0.0
62,0,15.5,34.25,33.17,,3,0.475,0.3895
63,0,15.75,35.07,33.31,1.0,0,0.0,0.0
64,0,16.0,35.81,33.04,1.0,0,0.0,0.0
65,0,16.25,35.91,33.69,1.0,1,0.125,0.1025
66,0,16.5,36.44,32.49,1.0,0,0.0,0.0
67,0,16.75,36.41,33.76,1.0,1,0.125,0.1025
68,0,17.0,36.72,30.79,1.0,0,0.0,0.0
69,0,17.25,34.11,29.87,1.0,3,0.475,0.3895
70,0,17.5,32.85,30.47,1.0,2,0.275,0.2255
71,0,17.75,,30.34,1.0,2,0.275,0.2255
72,0,18.0,,27.95,1.0,2,0.275,0.2255
73,0,18.25,30.0,29.28,0.0,1,0.125,0.1025
74,0,18.5,29.14,27.92,0.0,1,0.125,0.1025
75,0,18.75,26.74,27.89,0.0,3,0.475,0.3895
76,0,19.0,24.83,29.7,0.0,3,0.475,0.3895
77,0,19.25,24.76,28.57,0.0,1,0.125,0.1025
78,0,19.5,25.67,26.57,1.0,0,0.0,0.0
79,0,19.75,23.61,27.73,0.0,3,0.475,0.3895
80,0,20.0,22.42,,0.0,2,0.275,0.2255
81,0,20.25,22.82,25.58,0.0,0,0.0,0.0
82,0,20.5,21.93,26.97,,2,0.275,0.2255
83,0,20.75,20.17,26.05,0.0,3,0.475,0.3895
84,0,21.0,20.0,24.14,0.0,1,0.125,0.1025
85,0,21.25,18.41,25.76,0.0,3,0.475,0.3895
86,0,21.5,18.6,25.06,0.0,1,0.125,0.1025
87,0,21.75,18.74,24.9,0.0,1,0.125,0.1025
88,0,22.0,17.28,25.56,0.0,3,0.475,0.3895
89,0,22.25,15.95,-28.389683410364796,0.0,3,0.475,0.3895
90,0,22.5,14.68,24.67,0.0,3,0.475,0.3895
91,0,22.75,14.2,22.24,0.0,2,0.275,0.2255
92,0,23.0,14.74,24.77,0.0,1,0.125,0.1025
93,0,23.25,13.45,22.99,0.0,3,0.475,0.3895
94,0,23.5,12.19,,0.0,3,0.475,0.3895
95,0,23.75,11.24,23.88,0.0,3,0.475,0.3895
96,1,0.0,10.49,23.84,0.0,3,0.475,0.3895
97,1,0.25,10.65,22.9,0.0,2,0.275,0.2255
98,1,0.5,12.17,23.4,0.0,0,0.0,0.0
99,1,0.75,11.13,23.69,,3,0.475,0.3895
100,1,1.0,10.07,21.65,0.0,3,0.475,0.3895
101,1,1.25,10.0,24.33,0.0,3,0.475,0.3895
102,1,1.5,10.0,25.11,0.0,3,0.475,0.3895
103,1,1.75,,22.72,0.0,1,0.125,0.1025
104,1,2.0,12.63,25.33,0.0,0,0.0,0.0
105,1,2.25,12.78,24.94,0.0,2,0.275,0.2255
106,1,2.5,11.8,24.2,0.0,3,0.475,0.3895
107,1,2.75,12.06,25.4,0.0,2,0.275,0.2255
108,1,3.0,12.46,26.36,0.0,2,0.275,0.2255
109,1,3.25,14.05,25.78,0.0,0,0.0,0.0
110,1,3.5,15.6,26.91,0.0,0,0.0,0.0
111,1,3.75,16.37,26.84,0.0,1,0.125,0.1025
112,1,4.0,16.9,26.82,0.0,1,0.125,0.1025
113,1,4.25,,25.13,0.0,0,0.0,0.0
114,1,4.5,17.88,29.39,0.0,2,0.275,0.2255
115,1,4.75,17.68,27.5,0.0,2,0.275,0.2255
116,1,5.0,18.36,28.37,0.0,1,0.125,0.1025
117,1,5.25,18.47,30.88,0.0,2,0.275,0.2255
118,1,5.5,18.34,29.6,0.0,2,0.275,0.2255
119,1,5.75,19.15,29.66,0.0,1,0.125,0.1025
120,1,6.0,20.53,30.86,0.0,0,0.0,0.0
121,1,6.25,21.01,30.7,0.0,1,0.125,0.1025
122,1,6.5,19.89,29.98,0.0,3,0.475,0.3895
123,1,6.75,21.08,31.77,0.0,0,0.0,0.0
124,1,7.0,20.94,31.97,0.0,2,0.275,0.2255
125,1,7.25,21.68,31.99,0.0,1,0.125,0.1025
126,1,7.5,21.65,32.66,0.0,2,0.275,0.2255
127,1,7.75,20.58,32.59,0.0,3,0.475,0.3895
128,1,8.0,22.53,32.94,0.0,0,0.0,0.0
129,1,8.25,22.84,33.69,0.0,2,0.275,0.2255
130,1,8.5,24.62,35.1,0.0,0,0.0,0.0
131,1,8.75,25.48,34.18,0.0,1,0.125,0.1025
132,1,9.0,27.41,34.8,1.0,0,0.0,0.0
133,1,9.25,27.77,34.3,1.0,2,0.275,0.2255
134,1,9.5,29.05,35.09,1.0,1,0.125,0.1025
135,1,9.75,30.27,36.05,1.0,1,0.125,0.1025
136,1,10.0,29.69,37.23,1.0,3,0.475,0.3895
137,1,10.25,30.59,34.63,1.0,1,0.125,0.1025
138,1,10.5,29.81,35.27,1.0,3,0.475,0.3895
139,1,10.75,31.47,35.81,1.0,0,0.0,0.0
140,1,11.0,32.24,35.92,1.0,1,0.125,0.1025
141,1,11.25,32.3,36.4,1.0,2,0.275,0.2255
142,1,11.5,33.04,35.68,1.0,1,0.125,0.1025
143,1,11.75,32.02,36.05,1.0,3,0.475,0.3895
144,1,12.0,31.94,35.86,1.0,2,0.275,0.2255
145,1,12.25,30.97,35.89,1.0,3,0.475,0.3895
146,1,12.5,31.23,37.19,1.0,2,0.275,0.2255
147,1,12.75,31.15,34.67,1.0,2,0.275,0.2255
148,1,13.0,,37.0,1.0,1,0.125,0.1025
149,1,13.25,31.45,36.99,1.0,3,0.475,0.3895
150,1,13.5,32.34,35.86,0.0,0,0.0,0.0
151,1,13.75,32.25,34.82,1.0,2,0.275,0.2255
152,1,14.0,31.31,35.64,1.0,3,0.475,0.3895
153,1,14.25,32.71,35.43,1.0,0,0.0,0.0
154,1,14.5,33.77,35.24,1.0,0,0.0,0.0
155,1,14.75,,36.94,1.0,1,0.125,0.1025
156,1,15.0,32.9,34.26,1.0,3,0.475,0.3895
157,1,15.25,32.74,34.91,1.0,2,0.275,0.2255
158,1,15.5,33.43,35.65,1.0,1,0.125,0.1025
159,1,15.75,33.77,33.58,1.0,1,0.125,0.1025
160,1,16.0,34.14,34.68,1.0,1,0.125,0.1025
161,1,16.25,34.42,33.44,1.0,1,0.125,0.1025
162,1,16.5,32.94,33.36,1.0,3,0.475,0.3895
163,1,16.75,31.25,31.26,1.0,3,0.475,0.3895
164,1,17.0,30.51,30.53,1.0,2,0.275,0.2255
165,1,17.25,30.58,31.98,1.0,1,0.125,0.1025
166,1,17.5,29.04,31.62,1.0,3,0.475,0.3895
167,1,17.75,28.52,30.88,1.0,2,0.275,0.2255
168,1,18.0,27.97,30.88,1.0,2,0.275,0.2255
169,1,18.25,28.11,29.43,0.0,0,0.0,0.0
170,1,18.5,27.68,28.91,0.0,1,0.125,0.1025
171,1,18.75,27.38,26.68,0.0,0,0.0,0.0
172,1,19.0,26.74,27.27,0.0,1,0.125,0.1025
173,1,19.25,25.31,27.07,0.0,2,0.275,0.2255
174,1,19.5,25.68,27.89,0.0,0,0.0,0.0
175,1,19.75,25.03,26.29,0.0,1,0.125,0.1025
176,1,20.0,25.38,27.19,1.0,1,0.125,0.1025
177,1,20.25,25.25,24.12,0.0,0,0.0,0.0
178,1,20.5,23.98,26.31,0.0,2,0.275,0.2255
179,1,20.75,24.9,26.1,1.0,0,0.0,0.0
180,1,21.0,25.07,25.56,0.0,0,0.0,0.0
181,1,21.25,24.99,23.74,0.0,0,0.0,0.0
182,1,21.5,23.69,26.44,0.0,2,0.275,0.2255
183,1,21.75,23.35,24.51,0.0,1,0.125,0.1025
184,1,22.0,21.45,26.14,0.0,3,0.475,0.3895
185,1,22.25,21.91,24.81,0.0,0,0.0,0.0
186,1,22.5,22.11,24.78,0.0,0,0.0,0.0
187,1,22.75,21.04,23.74,0.0,2,0.275,0.2255
188,1,23.0,19.39,25.51,0.0,3,0.475,0.3895
189,1,23.25,18.53,23.7,0.0,2,0.275,0.2255
190,1,23.5,19.09,23.21,0.0,0,0.0,0.0
191,1,23.75,19.85,25.22,0.0,0,0.0,0.0
192,2,0.0,18.86,23.41,0.0,2,0.275,0.2255
193,2,0.25,18.69,22.17,0.0,1,0.125,0.1025
194,2,0.5,17.78,22.05,0.0,2,0.275,0.2255
195,2,0.75,17.09,24.47,0.0,2,0.275,0.2255
196,2,1.0,16.64,24.22,0.0,2,0.275,0.2255
197,2,1.25,16.82,22.99,0.0,1,0.125,0.1025
198,2,1.5,16.18,23.49,0.0,2,0.275,0.2255
199,2,1.75,16.52,23.85,0.0,1,0.125,0.1025
200,2,2.0,17.52,23.91,0.0,0,0.0,0.0
201,2,2.25,16.71,22.4,0.0,2,0.275,0.2255
202,2,2.5,16.06,24.8,0.0,2,0.275,0.2255
203,2,2.75,17.27,26.37,0.0,0,0.0,0.0
204,2,3.0,,24.26,0.0,0,0.0,0.0
205,2,3.25,16.98,26.98,0.0,3,0.475,0.3895
206,2,3.5,17.66,27.39,0.0,1,0.125,0.1025
207,2,3.75,18.55,29.44,0.0,1,0.125,0.1025
208,2,4.0,19.46,26.17,,0,0.0,0.0
209,2,4.25,20.45,27.36,0.0,0,0.0,0.0
210,2,4.5,21.04,26.36,0.0,0,0.0,0.0
211,2,4.75,,27.91,0.0,1,0.125,0.1025
212,2,5.0,21.41,27.0,0.0,1,0.125,0.1025
213,2,5.25,19.95,28.35,0.0,3,0.475,0.3895
214,2,5.5,20.11,26.46,0.0,1,0.125,0.1025
215,2,5.75,19.01,29.48,0.0,3,0.475,0.3895
216,2,6.0,20.16,28.41,0.0,0,0.0,0.0
217,2,6.25,21.34,31.16,0.0,0,0.0,0.0
218,2,6.5,22.37,29.85,0.0,0,0.0,0.0
219,2,6.75,22.01,31.65,0.0,2,0.275,0.2255
220,2,7.0,22.52,31.14,0.0,1,0.125,0.1025
221,2,7.25,21.63,32.92,0.0,3,0.475,0.3895
222,2,7.5,22.13,31.54,0.0,1,0.125,0.1025
223,2,7.75,22.73,32.51,0.0,1,0.125,0.1025
224,2,8.0,22.14,34.73,0.0,3,0.475,0.3895
225,2,8.25,23.99,34.85,0.0,0,0.0,0.0
226,2,8.5,24.05,33.33,0.0,2,0.275,0.2255
227,2,8.75,24.38,35.69,0.0,2,0.275,0.2255
228,2,9.0,24.36,34.66,1.0,3,0.475,0.3895
229,2,9.25,25.26,36.39,1.0,2,0.275,0.2255
230,2,9.5,27.47,35.65,1.0,0,0.0,0.0
231,2,9.75,28.92,36.41,1.0,1,0.125,0.1025
232,2,10.0,28.39,35.55,1.0,3,0.475,0.3895
233,2,10.25,29.8,31.88,1.0,0,0.0,0.0
234,2,10.5,30.69,34.65,1.0,1,0.125,0.1025
235,2,10.75,31.24,37.95,1.0,2,0.275,0.2255
236,2,11.0,31.33,35.78,1.0,2,0.275,0.2255
237,2,11.25,32.81,35.13,1.0,0,0.0,0.0
238,2,11.5,32.8,36.3,1.0,2,0.275,0.2255
239,2,11.75,32.87,36.38,1.0,2,0.275,0.2255
240,2,12.0,33.55,35.32,1.0,1,0.125,0.1025
241,2,12.25,33.35,35.4,1.0,2,0.275,0.2255
242,2,12.5,32.31,36.11,1.0,3,0.475,0.3895
243,2,12.75,31.61,36.51,1.0,3,0.475,0.3895
244,2,13.0,31.84,37.26,1.0,2,0.275,0.2255
245,2,13.25,32.75,36.75,1.0,1,0.125,0.1025
246,2,13.5,32.12,36.51,0.0,2,0.275,0.2255
247,2,13.75,33.58,36.66,1.0,0,0.0,0.0
248,2,14.0,34.52,33.68,1.0,0,0.0,0.0
249,2,14.25,34.21,35.51,1.0,2,0.275,0.2255
250,2,14.5,33.93,35.85,1.0,2,0.275,0.2255
251,2,14.75,33.47,33.16,1.0,2,0.275,0.2255
252,2,15.0,33.32,35.67,1.0,2,0.275,0.2255
253,2,15.25,32.89,33.86,1.0,2,0.275,0.2255
254,2,15.5,33.58,35.01,1.0,1,0.125,0.1025
255,2,15.75,73.81805721990992,34.23,1.0,1,0.125,0.1025
256,2,16.0,32.53,33.15,1.0,3,0.475,0.3895
257,2,16.25,32.18,31.76,1.0,2,0.275,0.2255
258,2,16.5,31.77,32.27,1.0,2,0.275,0.2255
259,2,16.75,32.32,32.45,1.0,1,0.125,0.1025
260,2,17.0,,32.0,1.0,0,0.0,0.0
261,2,17.25,31.22,30.68,1.0,3,0.475,0.3895
262,2,17.5,30.94,30.02,1.0,1,0.125,0.1025
263,2,17.75,31.04,29.83,1.0,1,0.125,0.1025
264,2,18.0,,30.39,1.0,0,0.0,0.0
265,2,18.25,,29.96,0.0,3,0.475,0.3895
266,2,18.5,28.77,27.11,0.0,0,0.0,0.0
267,2,18.75,27.32,28.26,0.0,2,0.275,0.2255
268,2,19.0,26.15,28.53,0.0,2,0.275,0.2255
269,2,19.25,26.6,29.58,0.0,0,0.0,0.0
270,2,19.5,25.06,27.06,1.0,3,0.475,0.3895
271,2,19.75,25.48,28.69,1.0,1,0.125,0.1025
272,2,20.0,25.67,26.88,0.0,0,0.0,0.0
273,2,20.25,25.08,25.87,0.0,1,0.125,0.1025
274,2,20.5,25.74,25.73,1.0,0,0.0,0.0
275,2,20.75,23.28,23.5,0.0,3,0.475,0.3895
276,2,21.0,22.2,26.04,0.0,2,0.275,0.2255
277,2,21.25,21.92,26.15,0.0,1,0.125,0.1025
278,2,21.5,22.25,24.42,0.0,0,0.0,0.0
279,2,21.75,,24.9,0.0,3,0.475,0.3895
280,2,22.0,,25.3,0.0,2,0.275,0.2255
281,2,22.25,17.61,24.26,0.0,3,0.475,0.3895
282,2,22.5,16.74,22.15,0.0,2,0.275,0.2255
283,2,22.75,16.17,22.05,0.0,2,0.275,0.2255
284,2,23.0,17.13,24.92,0.0,0,0.0,0.0
285,2,23.25,17.11,22.03,0.0,1,0.125,0.1025
286,2,23.5,,21.82,0.0,1,0.125,0.1025
287,2,23.75,,23.06,0.0,2,0.275,0.2255
288,3,0.0,17.25,24.0,0.0,0,0.0,0.0
289,3,0.25,15.92,24.36,0.0,3,0.475,0.3895
290,3,0.5,17.06,,0.0,0,0.0,0.0
291,3,0.75,,24.09,0.0,2,0.275,0.2255
292,3,1.0,16.66,21.68,0.0,1,0.125,0.1025
293,3,1.25,16.79,23.18,0.0,1,0.125,0.1025
294,3,1.5,17.29,25.34,0.0,1,0.125,0.1025
295,3,1.75,15.53,23.61,0.0,3,0.475,0.3895
296,3,2.0,14.77,21.64,0.0,2,0.275,0.2255
297,3,2.25,13.8,25.62,0.0,3,0.475,0.3895
298,3,2.5,14.57,24.66,0.0,1,0.125,0.1025
299,3,2.75,13.49,25.16,0.0,3,0.475,0.3895
300,3,3.0,13.9,23.44,0.0,1,0.125,0.1025
301,3,3.25,13.97,26.08,0.0,2,0.275,0.2255
302,3,3.5,15.64,27.06,0.0,0,0.0,0.0
303,3,3.75,16.5,27.1,0.0,1,0.125,0.1025
304,3,4.0,15.38,26.43,0.0,3,0.475,0.3895
305,3,4.25,15.28,26.75,0.0,2,0.275,0.2255
306,3,4.5,16.16,27.1,0.0,1,0.125,0.1025
307,3,4.75,17.83,29.45,0.0,0,0.0,0.0
308,3,5.0,17.78,29.11,0.0,2,0.275,0.2255
309,3,5.25,16.75,27.89,0.0,3,0.475,0.3895
310,3,5.5,16.13,31.01,0.0,3,0.475,0.3895
311,3,5.75,17.66,29.31,0.0,0,0.0,0.0
312,3,6.0,,31.62,0.0,0,0.0,0.0
313,3,6.25,19.73,26.88,0.0,1,0.125,0.1025
314,3,6.5,18.81,,0.0,3,0.475,0.3895
315,3,6.75,20.37,32.08,0.0,0,0.0,0.0
316,3,7.0,19.12,30.21,0.0,3,0.475,0.3895
317,3,7.25,19.09,30.52,0.0,2,0.275,0.2255
318,3,7.5,19.95,31.37,0.0,1,0.125,0.1025
319,3,7.75,20.33,29.99,0.0,1,0.125,0.1025
320,3,8.0,20.62,31.91,0.0,2,0.275,0.2255
321,3,8.25,20.31,34.44,0.0,3,0.475,0.3895
322,3,8.5,20.71,32.92,0.0,2,0.275,0.2255
323,3,8.75,21.25,33.82,0.0,2,0.275,0.2255
324,3,9.0,23.92,35.63,1.0,0,0.0,0.0
325,3,9.25,26.12,33.79,1.0,0,0.0,0.0
326,3,9.5,25.97,35.74,1.0,3,0.475,0.3895
327,3,9.75,26.94,38.37,1.0,2,0.275,0.2255
328,3,10.0,27.54,36.37,1.0,2,0.275,0.2255
329,3,10.25,28.41,37.97,1.0,2,0.275,0.2255
330,3,10.5,27.83,35.69,1.0,3,0.475,0.3895
331,3,10.75,29.99,38.16,1.0,0,0.0,0.0
332,3,11.0,30.97,35.5,1.0,1,0.125,0.1025
333,3,11.25,31.84,35.55,1.0,1,0.125,0.1025
334,3,11.5,33.36,35.73,1.0,0,0.0,0.0
335,3,11.75,32.34,35.89,1.0,3,0.475,0.3895
336,3,12.0,32.28,35.19,1.0,2,0.275,0.2255
337,3,12.25,31.58,36.89,1.0,3,0.475,0.3895
338,3,12.5,32.07,33.87,1.0,1,0.125,0.1025
339,3,12.75,33.7,37.57,1.0,0,0.0,0.0
340,3,13.0,34.84,34.94,1.0,0,0.0,0.0
341,3,13.25,34.01,36.33,0.0,2,0.275,0.2255
342,3,13.5,34.56,35.94,0.0,0,0.0,0.0
343,3,13.75,34.28,35.99,1.0,2,0.275,0.2255
344,3,14.0,33.2,35.66,1.0,3,0.475,0.3895
345,3,14.25,34.53,35.73,1.0,0,0.0,0.0
346,3,14.5,34.23,35.96,1.0,2,0.275,0.2255
347,3,14.75,33.98,36.46,1.0,2,0.275,0.2255
348,3,15.0,33.84,36.08,1.0,2,0.275,0.2255
349,3,15.25,34.59,33.23,,0,0.0,0.0
350,3,15.5,34.64,34.07,1.0,1,0.125,0.1025
351,3,15.75,34.9,33.62,1.0,1,0.125,0.1025
352,3,16.0,34.29,33.43,1.0,2,0.275,0.2255
353,3,16.25,33.11,36.1,1.0,3,0.475,0.3895
354,3,16.5,32.58,32.69,1.0,2,0.275,0.2255
355,3,16.75,31.31,33.16,1.0,3,0.475,0.3895
356,3,17.0,31.05,33.43,1.0,2,0.275,0.2255
357,3,17.25,29.35,31.0,1.0,3,0.475,0.3895
358,3,17.5,29.72,28.6,1.0,0,0.0,0.0
359,3,17.75,28.95,31.53,1.0,2,0.275,0.2255
360,3,18.0,29.53,29.7,1.0,0,0.0,0.0
361,3,18.25,29.12,30.8,0.0,1,0.125,0.1025
362,3,18.5,27.71,29.54,0.0,2,0.275,0.2255
363,3,18.75,27.78,28.2,0.0,0,0.0,0.0
364,3,19.0,26.36,27.8,0.0,2,0.275,0.2255
365,3,19.25,24.08,27.32,,3,0.475,0.3895
366,3,19.5,24.35,26.5,0.0,0,0.0,0.0
367,3,19.75,24.52,25.63,1.0,1,0.125,0.1025
368,3,20.0,24.11,27.3,0.0,1,0.125,0.1025
369,3,20.25,22.78,25.91,0.0,2,0.275,0.2255
370,3,20.5,21.01,22.55,1.0,3,0.475,0.3895
371,3,20.75,21.26,27.66,0.0,1,0.125,0.1025
372,3,21.0,19.71,26.13,0.0,3,0.475,0.3895
373,3,21.25,17.97,25.02,0.0,3,0.475,0.3895
374,3,21.5,18.33,25.82,0.0,1,0.125,0.1025
375,3,21.75,16.78,25.74,0.0,3,0.475,0.3895
376,3,22.0,17.55,24.22,0.0,0,0.0,0.0
377,3,22.25,17.5,23.07,0.0,1,0.125,0.1025
378,3,22.5,,22.84,0.0,0,0.0,0.0
379,3,22.75,18.76,23.38,0.0,0,0.0,0.0
380,3,23.0,18.45,21.96,0.0,1,0.125,0.1025
381,3,23.25,18.57,24.41,0.0,1,0.125,0.1025
382,3,23.5,18.46,23.69,0.0,1,0.125,0.1025
383,3,23.75,17.38,22.53,0.0,2,0.275,0.2255
384,4,0.0,16.96,25.2,0.0,2,0.275,0.2255
385,4,0.25,16.07,22.81,0.0,2,0.275,0.2255
386,4,0.5,16.21,23.13,0.0,1,0.125,0.1025
387,4,0.75,15.57,22.29,0.0,2,0.275,0.2255
388,4,1.0,14.46,24.47,0.0,3,0.475,0.3895
389,4,1.25,15.58,22.92,0.0,0,0.0,0.0
390,4,1.5,15.85,22.48,0.0,1,0.125,0.1025
391,4,1.75,14.56,24.07,0.0,3,0.475,0.3895
392,4,2.0,15.65,24.12,0.0,0,0.0,0.0
393,4,2.25,14.92,28.52,0.0,3,0.475,0.3895
394,4,2.5,14.78,24.93,0.0,2,0.275,0.2255
395,4,2.75,13.68,26.28,0.0,3,0.475,0.3895
396,4,3.0,12.89,27.13,0.0,3,0.475,0.3895
397,4,3.25,14.39,25.22,0.0,0,0.0,0.0
398,4,3.5,15.04,24.79,0.0,1,0.125,0.1025
399,4,3.75,13.68,24.46,0.0,3,0.475,0.3895
400,4,4.0,13.69,25.48,0.0,2,0.275,0.2255
401,4,4.25,13.94,27.85,0.0,2,0.275,0.2255
402,4,4.5,14.35,29.17,0.0,2,0.275,0.2255
403,4,4.75,13.65,27.12,0.0,3,0.475,0.3895
404,4,5.0,15.15,31.28,0.0,1,0.125,0.1025
405,4,5.25,17.15,31.6,0.0,0,0.0,0.0
406,4,5.5,17.22,29.49,0.0,2,0.275,0.2255
407,4,5.75,17.95,28.46,0.0,1,0.125,0.1025
408,4,6.0,17.93,29.89,0.0,2,0.275,0.2255
409,4,6.25,17.74,28.4,0.0,2,0.275,0.2255
410,4,6.5,18.7,31.06,0.0,1,0.125,0.1025
411,4,6.75,17.86,31.3,0.0,3,0.475,0.3895
412,4,7.0,17.79,28.77,0.0,2,0.275,0.2255
413,4,7.25,18.23,31.58,0.0,2,0.275,0.2255
414,4,7.5,17.47,31.34,0.0,3,0.475,0.3895
415,4,7.75,17.75,30.2,0.0,2,0.275,0.2255
416,4,8.0,19.94,33.2,0.0,0,0.0,0.0
417,4,8.25,20.14,30.42,0.0,2,0.275,0.2255
418,4,8.5,19.72,33.3,0.0,3,0.475,0.3895
419,4,8.75,21.57,33.16,0.0,0,0.0,0.0
420,4,9.0,24.31,36.37,1.0,0,0.0,0.0
421,4,9.25,24.96,33.5,1.0,2,0.275,0.2255
422,4,9.5,25.61,35.05,1.0,2,0.275,0.2255
423,4,9.75,27.2,36.09,1.0,1,0.125,0.1025
424,4,10.0,29.22,35.11,1.0,0,0.0,0.0
425,4,10.25,29.36,34.66,1.0,2,0.275,0.2255
426,4,10.5,30.57,35.92,1.0,1,0.125,0.1025
427,4,10.75,31.38,34.79,1.0,1,0.125,0.1025
428,4,11.0,31.89,37.91,1.0,2,0.275,0.2255
429,4,11.25,31.83,35.64,1.0,2,0.275,0.2255
430,4,11.5,32.51,34.67,1.0,1,0.125,0.1025
431,4,11.75,33.57,36.52,1.0,1,0.125,0.1025
432,4,12.0,34.37,36.23,1.0,1,0.125,0.1025
433,4,12.25,35.14,37.74,1.0,1,0.125,0.1025
434,4,12.5,36.36,37.3,1.0,0,0.0,0.0
435,4,12.75,36.43,33.25,1.0,1,0.125,0.1025
436,4,13.0,36.51,35.26,0.0,0,0.0,0.0
437,4,13.25,36.03,36.48,1.0,2,0.275,0.2255
438,4,13.5,36.92,35.57,1.0,0,0.0,0.0
439,4,13.75,36.18,35.82,1.0,2,0.275,0.2255
440,4,14.0,34.66,36.01,1.0,3,0.475,0.3895
441,4,14.25,34.96,34.15,1.0,1,0.125,0.1025
442,4,14.5,33.72,35.58,1.0,3,0.475,0.3895
443,4,14.75,32.28,32.15,1.0,3,0.475,0.3895
444,4,15.0,,34.06,1.0,1,0.125,0.1025
445,4,15.25,31.81,34.48,1.0,3,0.475,0.3895
446,4,15.5,,32.66,1.0,2,0.275,0.2255
447,4,15.75,32.27,33.95,1.0,1,0.125,0.1025
448,4,16.0,33.24,31.82,1.0,0,0.0,0.0
449,4,16.25,33.81,30.1,1.0,0,0.0,0.0
450,4,16.5,33.79,31.13,1.0,1,0.125,0.1025
451,4,16.75,34.55,31.92,1.0,0,0.0,0.0
452,4,17.0,32.8,30.93,1.0,3,0.475,0.3895
453,4,17.25,32.69,30.94,1.0,1,0.125,0.1025
454,4,17.5,33.19,32.02,1.0,0,0.0,0.0
455,4,17.75,,30.52,1.0,0,0.0,0.0
456,4,18.0,32.09,28.81,1.0,2,0.275,0.2255
457,4,18.25,31.23,28.99,0.0,1,0.125,0.1025
458,4,18.5,30.29,28.72,0.0,1,0.125,0.1025
459,4,18.75,28.34,26.4,0.0,2,0.275,0.2255
460,4,19.0,28.07,26.6,0.0,0,0.0,0.0
461,4,19.25,,24.41,0.0,0,0.0,0.0
462,4,19.5,25.87,27.34,1.0,3,0.475,0.3895
463,4,19.75,24.36,27.45,1.0,3,0.475,0.3895
464,4,20.0,22.94,26.3,1.0,3,0.475,0.3895
465,4,20.25,21.54,23.33,0.0,2,0.275,0.2255
466,4,20.5,22.21,26.48,0.0,0,0.0,0.0
467,4,20.75,21.96,25.53,0.0,1,0.125,0.1025
468,4,21.0,22.37,25.63,0.0,0,0.0,0.0
469,4,21.25,22.93,25.97,0.0,0,0.0,0.0
470,4,21.5,22.93,,0.0,0,0.0,0.0
471,4,21.75,21.44,23.69,0.0,2,0.275,0.2255
472,4,22.0,20.03,21.9,0.0,2,0.275,0.2255
473,4,22.25,19.35,25.87,0.0,2,0.275,0.2255
474,4,22.5,18.16,21.79,0.0,2,0.275,0.2255
475,4,22.75,17.31,23.13,0.0,2,0.275,0.2255
476,4,23.0,17.98,23.08,0.0,0,0.0,0.0
477,4,23.25,18.05,23.62,0.0,1,0.125,0.1025
478,4,23.5,17.36,24.17,0.0,2,0.275,0.2255
479,4,23.75,17.82,,0.0,1,0.125,0.1025
480,5,0.0,18.39,22.31,0.0,0,0.0,0.0
481,5,0.25,18.3,22.81,0.0,1,0.125,0.1025
482,5,0.5,17.34,22.49,0.0,2,0.275,0.2255
483,5,0.75,16.42,20.94,0.0,2,0.275,0.2255
484,5,1.0,16.12,25.35,0.0,2,0.275,0.2255
485,5,1.25,14.94,23.95,0.0,3,0.475,0.3895
486,5,1.5,14.48,22.63,0.0,2,0.275,0.2255
487,5,1.75,15.62,24.73,0.0,0,0.0,0.0
488,5,2.0,16.44,26.26,0.0,1,0.125,0.1025
489,5,2.25,15.2,25.11,0.0,3,0.475,0.3895
490,5,2.5,15.67,23.83,0.0,1,0.125,0.1025
491,5,2.75,16.06,,0.0,1,0.125,0.1025
492,5,3.0,15.98,22.13,0.0,1,0.125,0.1025
493,5,3.25,14.74,25.16,0.0,3,0.475,0.3895
494,5,3.5,,25.98,0.0,1,0.125,0.1025
495,5,3.75,15.61,27.51,0.0,2,0.275,0.2255
496,5,4.0,15.69,28.48,0.0,2,0.275,0.2255
497,5,4.25,15.39,24.53,0.0,2,0.275,0.2255
498,5,4.5,16.55,25.91,0.0,0,0.0,0.0
499,5,4.75,17.15,33.12,0.0,2,0.275,0.2255
500,5,5.0,17.01,28.04,0.0,2,0.275,0.2255
501,5,5.25,17.47,25.69,0.0,1,0.125,0.1025
502,5,5.5,18.93,28.99,0.0,0,0.0,0.0
503,5,5.75,19.67,30.35,0.0,1,0.125,0.1025
504,5,6.0,19.83,25.91,0.0,1,0.125,0.1025
505,5,6.25,20.2,29.34,0.0,1,0.125,0.1025
506,5,6.5,21.37,30.73,0.0,0,0.0,0.0
507,5,6.75,20.45,32.93,0.0,3,0.475,0.3895
508,5,7.0,20.25,30.36,0.0,2,0.275,0.2255
509,5,7.25,,32.79,0.0,1,0.125,0.1025
510,5,7.5,20.31,34.42,0.0,3,0.475,0.3895
511,5,7.75,21.96,34.49,0.0,0,0.0,0.0
512,5,8.0,22.4,33.45,0.0,2,0.275,0.2255
513,5,8.25,23.28,31.58,0.0,1,0.125,0.1025
514,5,8.5,24.56,35.72,0.0,1,0.125,0.1025
515,5,8.75,25.48,34.17,0.0,1,0.125,0.1025
516,5,9.0,26.24,36.05,1.0,2,0.275,0.2255
517,5,9.25,28.4,34.9,1.0,0,0.0,0.0
518,5,9.5,27.9,35.37,1.0,3,0.475,0.3895
519,5,9.75,27.54,36.71,1.0,3,0.475,0.3895
520,5,10.0,29.5,35.72,1.0,0,0.0,0.0
521,5,10.25,29.23,36.69,1.0,3,0.475,0.3895
522,5,10.5,30.82,35.24,1.0,0,0.0,0.0
523,5,10.75,31.03,36.36,1.0,2,0.275,0.2255
524,5,11.0,55.09236642970421,35.59,1.0,3,0.475,0.3895
525,5,11.25,30.7,37.35,1.0,2,0.275,0.2255
526,5,11.5,32.28,35.07,1.0,0,0.0,0.0
527,5,11.75,34.13,37.9,1.0,0,0.0,0.0
528,5,12.0,34.4,34.03,1.0,1,0.125,0.1025
529,5,12.25,35.47,35.17,1.0,0,0.0,0.0
530,5,12.5,,37.21,1.0,0,0.0,0.0
531,5,12.75,36.39,39.26,1.0,2,0.275,0.2255
532,5,13.0,36.88,32.87,1.0,0,0.0,0.0
533,5,13.25,37.35,38.59,0.0,0,0.0,0.0
534,5,13.5,36.98,36.29,0.0,1,0.125,0.1025
535,5,13.75,36.23,34.44,1.0,2,0.275,0.2255
536,5,14.0,35.09,37.73,1.0,3,0.475,0.3895
537,5,14.25,34.74,35.24,1.0,2,0.275,0.2255
538,5,14.5,34.79,38.86,1.0,2,0.275,0.2255
539,5,14.75,34.21,34.75,1.0,2,0.275,0.2255
540,5,15.0,33.62,33.52,1.0,2,0.275,0.2255
541,5,15.25,33.23,33.76,1.0,2,0.275,0.2255
542,5,15.5,33.84,36.12,1.0,1,0.125,0.1025
543,5,15.75,34.84,34.96,1.0,0,0.0,0.0
544,5,16.0,35.56,33.08,1.0,0,0.0,0.0
545,5,16.25,34.83,32.65,1.0,2,0.275,0.2255
546,5,16.5,33.98,31.95,1.0,2,0.275,0.2255
547,5,16.75,32.6,33.79,1.0,3,0.475,0.3895
548,5,17.0,,28.65,1.0,1,0.125,0.1025
549,5,17.25,31.57,31.9,1.0,2,0.275,0.2255
550,5,17.5,31.1,27.77,1.0,1,0.125,0.1025
551,5,17.75,31.79,31.99,1.0,0,0.0,0.0
552,5,18.0,31.82,27.84,1.0,0,0.0,0.0
553,5,18.25,30.93,31.44,0.0,1,0.125,0.1025
554,5,18.5,29.38,30.96,0.0,2,0.275,0.2255
555,5,18.75,27.14,29.74,0.0,3,0.475,0.3895
556,5,19.0,27.47,29.23,1.0,1,0.125,0.1025
557,5,19.25,26.02,27.32,0.0,2,0.275,0.2255
558,5,19.5,24.74,29.84,1.0,3,0.475,0.3895
559,5,19.75,25.47,26.14,1.0,0,0.0,0.0
560,5,20.0,,26.31,0.0,2,0.275,0.2255
561,5,20.25,24.11,27.84,0.0,1,0.125,0.1025
562,5,20.5,24.03,26.99,0.0,1,0.125,0.1025
563,5,20.75,23.68,26.13,0.0,1,0.125,0.1025
564,5,21.0,22.97,24.27,1.0,2,0.275,0.2255
565,5,21.25,23.18,24.56,0.0,0,0.0,0.0
566,5,21.5,22.11,24.08,0.0,2,0.275,0.2255
567,5,21.75,22.79,26.84,0.0,0,0.0,0.0
568,5,22.0,22.66,21.14,0.0,0,0.0,0.0
569,5,22.25,22.84,23.13,0.0,0,0.0,0.0
570,5,22.5,21.76,25.57,0.0,2,0.275,0.2255
571,5,22.75,21.83,22.23,0.0,0,0.0,0.0
572,5,23.0,20.13,25.79,0.0,3,0.475,0.3895
573,5,23.25,19.19,22.3,0.0,2,0.275,0.2255
574,5,23.5,18.59,26.42,0.0,2,0.275,0.2255
575,5,23.75,,22.49,0.0,0,0.0,0.0
576,6,0.0,,24.14,0.0,2,0.275,0.2255
577,6,0.25,17.45,23.03,0.0,2,0.275,0.2255
578,6,0.5,17.38,21.43,0.0,1,0.125,0.1025
579,6,0.75,16.41,20.24,0.0,2,0.275,0.2255
580,6,1.0,16.73,20.16,0.0,0,0.0,0.0
581,6,1.25,,22.49,0.0,2,0.275,0.2255
582,6,1.5,15.35,22.69,0.0,2,0.275,0.2255
583,6,1.75,15.1,25.46,0.0,2,0.275,0.2255
584,6,2.0,14.52,23.58,0.0,2,0.275,0.2255
585,6,2.25,13.95,22.55,0.0,2,0.275,0.2255
586,6,2.5,13.9,25.69,0.0,2,0.275,0.2255
587,6,2.75,12.87,25.72,0.0,3,0.475,0.3895
588,6,3.0,14.69,27.97,0.0,0,0.0,0.0
589,6,3.25,14.27,30.41,0.0,3,0.475,0.3895
590,6,3.5,14.85,24.76,0.0,1,0.125,0.1025
591,6,3.75,13.81,26.03,0.0,3,0.475,0.3895
592,6,4.0,13.31,28.76,0.0,3,0.475,0.3895
593,6,4.25,14.88,25.83,0.0,0,0.0,0.0
594,6,4.5,15.23,28.92,0.0,2,0.275,0.2255
595,6,4.75,16.76,27.6,0.0,0,0.0,0.0
596,6,5.0,16.66,26.92,0.0,2,0.275,0.2255
597,6,5.25,17.55,24.93,0.0,0,0.0,0.0
598,6,5.5,18.72,,0.0,0,0.0,0.0
599,6,5.75,18.51,28.16,0.0,2,0.275,0.2255
600,6,6.0,,29.18,0.0,0,0.0,0.0
601,6,6.25,19.39,29.26,0.0,2,0.275,0.2255
602,6,6.5,21.09,32.39,,0,0.0,0.0
603,6,6.75,21.67,30.95,0.0,1,0.125,0.1025
604,6,7.0,22.39,31.78,0.0,1,0.125,0.1025
605,6,7.25,23.79,33.56,0.0,0,0.0,0.0
606,6,7.5,24.39,33.84,,1,0.125,0.1025
607,6,7.75,23.72,30.13,0.0,2,0.275,0.2255
608,6,8.0,25.56,35.26,0.0,0,0.0,0.0
609,6,8.25,25.96,37.09,0.0,2,0.275,0.2255
610,6,8.5,27.13,32.63,0.0,0,0.0,0.0
611,6,8.75,27.04,35.15,0.0,2,0.275,0.2255
612,6,9.0,27.74,36.74,1.0,2,0.275,0.2255
613,6,9.25,27.52,35.93,1.0,3,0.475,0.3895
614,6,9.5,28.93,35.58,1.0,1,0.125,0.1025
615,6,9.75,30.27,37.04,1.0,1,0.125,0.1025
616,6,10.0,31.77,35.43,1.0,0,0.0,0.0
617,6,10.25,32.22,32.22,1.0,1,0.125,0.1025
618,6,10.5,32.42,37.12,1.0,2,0.275,0.2255
619,6,10.75,33.87,35.24,1.0,0,0.0,0.0
620,6,11.0,34.45,35.79,1.0,1,0.125,0.1025
621,6,11.25,33.7,32.28,1.0,2,0.275,0.2255
622,6,11.5,32.78,36.28,1.0,3,0.475,0.3895
623,6,11.75,32.06,36.86,1.0,3,0.475,0.3895
624,6,12.0,32.88,35.71,1.0,1,0.125,0.1025
625,6,12.25,34.24,35.88,1.0,0,0.0,0.0
626,6,12.5,34.27,37.95,1.0,2,0.275,0.2255
627,6,12.75,35.29,33.99,1.0,0,0.0,0.0
628,6,13.0,35.11,37.23,1.0,2,0.275,0.2255
629,6,13.25,34.95,37.1,1.0,2,0.275,0.2255
630,6,13.5,,39.22,1.0,3,0.475,0.3895
631,6,13.75,34.03,37.4,1.0,2,0.275,0.2255
632,6,14.0,34.92,37.73,1.0,1,0.125,0.1025
633,6,14.25,33.39,32.9,1.0,3,0.475,0.3895
634,6,14.5,32.62,31.09,1.0,2,0.275,0.2255
635,6,14.75,32.0,31.23,1.0,2,0.275,0.2255
636,6,15.0,31.73,33.95,1.0,2,0.275,0.2255
637,6,15.25,33.21,36.51,,0,0.0,0.0
638,6,15.5,34.46,36.27,1.0,0,0.0,0.0
639,6,15.75,33.02,33.74,1.0,3,0.475,0.3895
640,6,16.0,32.0,35.31,1.0,3,0.475,0.3895
641,6,16.25,32.55,33.25,1.0,1,0.125,0.1025
642,6,16.5,32.89,33.08,1.0,1,0.125,0.1025
643,6,16.75,31.79,33.93,1.0,3,0.475,0.3895
644,6,17.0,30.36,31.8,1.0,3,0.475,0.3895
645,6,17.25,31.16,32.07,1.0,0,0.0,0.0
646,6,17.5,30.31,30.86,,2,0.275,0.2255
647,6,17.75,30.12,28.97,1.0,1,0.125,0.1025
648,6,18.0,30.45,28.1,1.0,0,0.0,0.0
649,6,18.25,29.77,29.32,0.0,1,0.125,0.1025
650,6,18.5,,29.46,0.0,1,0.125,0.1025
651,6,18.75,27.9,31.84,0.0,2,0.275,0.2255
652,6,19.0,28.2,30.9,1.0,1,0.125,0.1025
653,6,19.25,28.16,26.98,0.0,0,0.0,0.0
654,6,19.5,25.29,23.68,0.0,3,0.475,0.3895
655,6,19.75,24.48,29.96,0.0,2,0.275,0.2255
656,6,20.0,,27.6,0.0,0,0.0,0.0
657,6,20.25,23.43,26.24,1.0,3,0.475,0.3895
658,6,20.5,22.23,25.86,0.0,2,0.275,0.2255
659,6,20.75,22.73,25.72,0.0,0,0.0,0.0
660,6,21.0,23.0,24.85,0.0,0,0.0,0.0
661,6,21.25,20.81,23.98,0.0,3,0.475,0.3895
662,6,21.5,19.69,24.04,0.0,2,0.275,0.2255
663,6,21.75,18.91,25.15,0.0,2,0.275,0.2255
664,6,22.0,17.24,23.19,0.0,3,0.475,0.3895
665,6,22.25,17.99,24.65,0.0,0,0.0,0.0
666,6,22.5,19.02,26.9,0.0,0,0.0,0.0
667,6,22.75,19.71,25.06,0.0,0,0.0,0.0
668,6,23.0,18.57,22.63,0.0,2,0.275,0.2255
669,6,23.25,17.98,24.73,0.0,2,0.275,0.2255
670,6,23.5,16.9,20.09,0.0,2,0.275,0.2255
671,6,23.75,16.23,21.83,0.0,2,0.275,0.2255
672,7,0.0,14.93,24.16,0.0,3,0.475,0.3895
673,7,0.25,15.55,23.32,0.0,1,0.125,0.1025
674,7,0.5,70.55478306208062,24.0,0.0,1,0.125,0.1025
675,7,0.75,15.64,24.83,0.0,2,0.275,0.2255
676,7,1.0,16.04,24.03,0.0,1,0.125,0.1025
677,7,1.25,16.31,23.38,0.0,1,0.125,0.1025
678,7,1.5,16.61,23.37,0.0,1,0.125,0.1025
679,7,1.75,16.92,24.62,0.0,1,0.125,0.1025
680,7,2.0,17.11,24.16,0.0,1,0.125,0.1025
681,7,2.25,16.38,23.91,0.0,2,0.275,0.2255
682,7,2.5,17.39,25.07,0.0,0,0.0,0.0
683,7,2.75,18.23,24.78,0.0,0,0.0,0.0
684,7,3.0,18.42,24.23,0.0,1,0.125,0.1025
685,7,3.25,16.77,24.48,0.0,3,0.475,0.3895
686,7,3.5,15.73,26.05,0.0,3,0.475,0.3895
687,7,3.75,16.93,25.06,0.0,0,0.0,0.0
688,7,4.0,17.59,27.53,0.0,1,0.125,0.1025
689,7,4.25,16.5,27.57,0.0,3,0.475,0.3895
690,7,4.5,17.86,27.38,0.0,0,0.0,0.0
691,7,4.75,18.95,27.38,0.0,0,0.0,0.0
692,7,5.0,20.27,28.95,0.0,0,0.0,0.0
693,7,5.25,20.14,29.83,0.0,2,0.275,0.2255
694,7,5.5,19.74,29.1,0.0,2,0.275,0.2255
695,7,5.75,19.63,28.4,0.0,2,0.275,0.2255
696,7,6.0,20.89,29.13,0.0,0,0.0,0.0
697,7,6.25,21.39,30.48,0.0,1,0.125,0.1025
698,7,6.5,22.24,29.99,0.0,0,0.0,0.0
699,7,6.75,23.23,30.21,0.0,0,0.0,0.0
700,7,7.0,22.96,31.93,0.0,2,0.275,0.2255
701,7,7.25,22.67,32.09,0.0,2,0.275,0.2255
702,7,7.5,23.24,32.17,0.0,1,0.125,0.1025
703,7,7.75,21.99,32.8,0.0,3,0.475,0.3895
704,7,8.0,22.45,34.03,0.0,2,0.275,0.2255
705,7,8.25,24.04,33.16,0.0,0,0.0,0.0
706,7,8.5,,33.63,0.0,3,0.475,0.3895
707,7,8.75,23.56,33.33,0.0,2,0.275,0.2255
708,7,9.0,25.39,34.6,1.0,1,0.125,0.1025
709,7,9.25,27.7,36.15,1.0,0,0.0,0.0
710,7,9.5,28.03,34.58,1.0,2,0.275,0.2255
711,7,9.75,28.42,34.86,1.0,2,0.275,0.2255
712,7,10.0,30.17,34.55,1.0,0,0.0,0.0
713,7,10.25,30.3,36.77,,2,0.275,0.2255
714,7,10.5,30.3,34.59,1.0,2,0.275,0.2255
715,7,10.75,30.69,,1.0,2,0.275,0.2255
716,7,11.0,30.93,36.17,1.0,2,0.275,0.2255
717,7,11.25,32.66,36.96,1.0,0,0.0,0.0
718,7,11.5,33.36,36.21,1.0,1,0.125,0.1025
719,7,11.75,34.29,36.91,1.0,1,0.125,0.1025
720,7,12.0,33.92,35.48,1.0,2,0.275,0.2255
721,7,12.25,32.83,36.51,1.0,3,0.475,0.3895
722,7,12.5,34.4,38.07,1.0,0,0.0,0.0
723,7,12.75,34.21,36.35,1.0,2,0.275,0.2255
724,7,13.0,35.33,35.65,1.0,0,0.0,0.0
725,7,13.25,35.09,37.39,1.0,2,0.275,0.2255
726,7,13.5,34.22,36.17,0.0,2,0.275,0.2255
727,7,13.75,34.86,37.13,1.0,1,0.125,0.1025
728,7,14.0,35.89,34.66,1.0,0,0.0,0.0
729,7,14.25,34.52,35.95,1.0,3,0.475,0.3895
730,7,14.5,34.08,34.79,1.0,2,0.275,0.2255
731,7,14.75,33.77,35.48,1.0,2,0.275,0.2255
732,7,15.0,34.78,34.69,1.0,0,0.0,0.0
733,7,15.25,33.43,35.13,1.0,3,0.475,0.3895
734,7,15.5,33.68,32.32,1.0,1,0.125,0.1025
735,7,15.75,33.9,33.0,1.0,1,0.125,0.1025
736,7,16.0,32.57,33.84,1.0,3,0.475,0.3895
737,7,16.25,32.97,32.8,1.0,1,0.125,0.1025
738,7,16.5,33.36,,1.0,1,0.125,0.1025
739,7,16.75,33.47,31.42,1.0,1,0.125,0.1025
740,7,17.0,33.49,30.97,1.0,1,0.125,0.1025
741,7,17.25,33.38,31.66,1.0,1,0.125,0.1025
742,7,17.5,32.37,31.65,1.0,2,0.275,0.2255
743,7,17.75,32.05,30.06,1.0,1,0.125,0.1025
744,7,18.0,,29.46,1.0,2,0.275,0.2255
745,7,18.25,29.63,31.55,0.0,2,0.275,0.2255
746,7,18.5,27.23,29.36,0.0,3,0.475,0.3895
747,7,18.75,26.15,29.42,0.0,2,0.275,0.2255
748,7,19.0,25.03,29.33,0.0,2,0.275,0.2255
749,7,19.25,25.44,28.75,0.0,0,0.0,0.0
750,7,19.5,23.95,27.14,1.0,3,0.475,0.3895
751,7,19.75,,27.9,0.0,0,0.0,0.0
752,7,20.0,24.19,28.21,1.0,2,0.275,0.2255
753,7,20.25,22.29,,0.0,3,0.475,0.3895
754,7,20.5,22.63,25.99,1.0,1,0.125,0.1025
755,7,20.75,21.59,25.06,0.0,2,0.275,0.2255
756,7,21.0,22.01,25.63,0.0,0,0.0,0.0
757,7,21.25,21.71,24.11,0.0,1,0.125,0.1025
758,7,21.5,19.84,25.28,0.0,3,0.475,0.3895
759,7,21.75,19.1,24.93,0.0,2,0.275,0.2255
760,7,22.0,19.63,23.84,0.0,0,0.0,0.0
761,7,22.25,18.71,23.27,0.0,2,0.275,0.2255
762,7,22.5,18.07,25.57,0.0,2,0.275,0.2255
763,7,22.75,18.17,23.66,0.0,1,0.125,0.1025
764,7,23.0,17.54,24.39,0.0,2,0.275,0.2255
765,7,23.25,18.28,23.84,0.0,0,0.0,0.0
766,7,23.5,18.83,23.07,0.0,0,0.0,0.0
767,7,23.75,19.3,22.35,0.0,0,0.0,0.0
768,8,0.0,19.31,,0.0,1,0.125,0.1025
769,8,0.25,19.01,22.63,0.0,1,0.125,0.1025
770,8,0.5,17.39,24.61,,3,0.475,0.3895
771,8,0.75,16.76,23.72,0.0,2,0.275,0.2255
772,8,1.0,15.25,24.34,0.0,3,0.475,0.3895
773,8,1.25,16.12,23.44,,0,0.0,0.0
774,8,1.5,16.24,22.99,0.0,1,0.125,0.1025
775,8,1.75,15.53,22.79,0.0,2,0.275,0.2255
776,8,2.0,,24.6,0.0,2,0.275,0.2255
777,8,2.25,14.21,25.29,0.0,3,0.475,0.3895
778,8,2.5,15.47,24.93,0.0,0,0.0,0.0
779,8,2.75,16.64,25.59,0.0,0,0.0,0.0
780,8,3.0,17.01,25.42,0.0,1,0.125,0.1025
781,8,3.25,16.86,26.67,0.0,2,0.275,0.2255
782,8,3.5,15.92,28.13,0.0,3,0.475,0.3895
783,8,3.75,16.91,24.51,0.0,0,0.0,0.0
784,8,4.0,15.59,26.0,0.0,3,0.475,0.3895
785,8,4.25,17.1,27.18,0.0,0,0.0,0.0
786,8,4.5,,26.91,0.0,3,0.475,0.3895
787,8,4.75,17.49,29.01,0.0,0,0.0,0.0
788,8,5.0,18.29,28.95,0.0,1,0.125,0.1025
789,8,5.25,17.19,29.22,0.0,3,0.475,0.3895
790,8,5.5,16.41,29.91,0.0,3,0.475,0.3895
791,8,5.75,17.32,28.74,0.0,1,0.125,0.1025
792,8,6.0,18.21,-25.661170866602454,0.0,1,0.125,0.1025
793,8,6.25,18.38,30.18,0.0,2,0.275,0.2255
794,8,6.5,19.84,30.57,0.0,0,0.0,0.0
795,8,6.75,19.72,30.77,0.0,2,0.275,0.2255
796,8,7.0,21.04,31.43,0.0,0,0.0,0.0
797,8,7.25,21.75,32.23,0.0,1,0.125,0.1025
798,8,7.5,21.94,34.11,0.0,2,0.275,0.2255
799,8,7.75,21.9,32.59,0.0,2,0.275,0.2255
800,8,8.0,22.16,32.62,0.0,2,0.275,0.2255
801,8,8.25,23.9,33.38,0.0,0,0.0,0.0
802,8,8.5,24.91,34.29,0.0,1,0.125,0.1025
803,8,8.75,24.29,35.34,0.0,3,0.475,0.3895
804,8,9.0,25.45,37.22,1.0,2,0.275,0.2255
805,8,9.25,25.17,33.95,1.0,3,0.475,0.3895
806,8,9.5,25.98,35.06,1.0,2,0.275,0.2255
807,8,9.75,68.64901970765234,35.07,1.0,3,0.475,0.3895
808,8,10.0,26.41,34.25,1.0,2,0.275,0.2255
809,8,10.25,26.29,36.64,1.0,3,0.475,0.3895
810,8,10.5,27.73,35.39,1.0,1,0.125,0.1025
811,8,10.75,29.47,34.53,1.0,0,0.0,0.0
812,8,11.0,31.1,36.23,1.0,0,0.0,0.0
813,8,11.25,30.44,36.33,1.0,3,0.475,0.3895
814,8,11.5,,35.2,1.0,1,0.125,0.1025
815,8,11.75,30.69,36.64,1.0,3,0.475,0.3895
816,8,12.0,30.77,36.92,1.0,2,0.275,0.2255
817,8,12.25,31.74,35.83,1.0,1,0.125,0.1025
818,8,12.5,32.5,35.72,1.0,1,0.125,0.1025
819,8,12.75,31.59,36.38,1.0,3,0.475,0.3895
820,8,13.0,30.72,36.56,1.0,3,0.475,0.3895
821,8,13.25,29.34,35.69,0.0,3,0.475,0.3895
822,8,13.5,29.14,35.15,0.0,2,0.275,0.2255
823,8,13.75,28.79,35.27,,2,0.275,0.2255
824,8,14.0,28.03,34.24,1.0,3,0.475,0.3895
825,8,14.25,29.11,34.74,1.0,1,0.125,0.1025
826,8,14.5,28.43,34.39,1.0,3,0.475,0.3895
827,8,14.75,28.68,35.33,,2,0.275,0.2255
828,8,15.0,28.82,33.81,1.0,2,0.275,0.2255
829,8,15.25,29.88,35.77,1.0,1,0.125,0.1025
830,8,15.5,29.85,33.27,1.0,2,0.275,0.2255
831,8,15.75,29.78,32.99,1.0,2,0.275,0.2255
832,8,16.0,29.85,34.05,1.0,2,0.275,0.2255
833,8,16.25,30.01,33.1,1.0,2,0.275,0.2255
834,8,16.5,30.86,32.9,1.0,1,0.125,0.1025
835,8,16.75,29.65,32.24,1.0,3,0.475,0.3895
836,8,17.0,30.75,31.38,1.0,0,0.0,0.0
837,8,17.25,29.27,31.26,1.0,3,0.475,0.3895
838,8,17.5,29.56,30.9,1.0,1,0.125,0.1025
839,8,17.75,29.57,30.04,1.0,1,0.125,0.1025
840,8,18.0,30.32,29.5,1.0,0,0.0,0.0
841,8,18.25,28.97,30.59,0.0,2,0.275,0.2255
842,8,18.5,27.5,28.33,0.0,2,0.275,0.2255
843,8,18.75,26.9,27.21,0.0,1,0.125,0.1025
844,8,19.0,25.7,30.38,1.0,3,0.475,0.3895
845,8,19.25,24.3,26.58,0.0,2,0.275,0.2255
846,8,19.5,23.27,27.36,0.0,2,0.275,0.2255
847,8,19.75,22.08,26.99,1.0,3,0.475,0.3895
848,8,20.0,21.36,27.83,0.0,2,0.275,0.2255
849,8,20.25,21.32,25.13,0.0,1,0.125,0.1025
850,8,20.5,20.57,26.31,0.0,2,0.275,0.2255
851,8,20.75,19.52,25.92,1.0,3,0.475,0.3895
852,8,21.0,18.0,26.67,0.0,3,0.475,0.3895
853,8,21.25,18.94,25.1,,0,0.0,0.0
854,8,21.5,19.06,25.04,0.0,1,0.125,0.1025
855,8,21.75,17.46,24.8,0.0,3,0.475,0.3895
856,8,22.0,18.32,23.65,0.0,0,0.0,0.0
857,8,22.25,17.61,24.08,0.0,2,0.275,0.2255
858,8,22.5,17.94,25.19,0.0,1,0.125,0.1025
859,8,22.75,17.22,23.82,0.0,2,0.275,0.2255
860,8,23.0,16.68,24.17,0.0,2,0.275,0.2255
861,8,23.25,16.06,23.62,0.0,2,0.275,0.2255
862,8,23.5,15.8,25.15,0.0,2,0.275,0.2255
863,8,23.75,14.18,22.56,0.0,3,0.475,0.3895
864,9,0.0,14.8,24.09,0.0,1,0.125,0.1025
865,9,0.25,15.85,23.48,0.0,0,0.0,0.0
866,9,0.5,16.78,22.45,,0,0.0,0.0
867,9,0.75,17.05,23.48,0.0,1,0.125,0.1025
868,9,1.0,17.97,24.77,0.0,0,0.0,0.0
869,9,1.25,16.19,22.22,0.0,3,0.475,0.3895
870,9,1.5,16.65,23.64,0.0,1,0.125,0.1025
871,9,1.75,16.32,24.2,0.0,2,0.275,0.2255
872,9,2.0,16.56,23.67,0.0,1,0.125,0.1025
873,9,2.25,16.25,25.36,0.0,2,0.275,0.2255
874,9,2.5,17.38,26.04,0.0,0,0.0,0.0
875,9,2.75,18.43,24.53,0.0,0,0.0,0.0
876,9,3.0,,25.17,0.0,1,0.125,0.1025
877,9,3.25,18.09,25.28,0.0,2,0.275,0.2255
878,9,3.5,19.01,26.1,0.0,0,0.0,0.0
879,9,3.75,18.33,25.42,0.0,2,0.275,0.2255
880,9,4.0,17.9,,0.0,2,0.275,0.2255
881,9,4.25,17.76,27.05,0.0,2,0.275,0.2255
882,9,4.5,16.62,26.99,0.0,3,0.475,0.3895
883,9,4.75,17.52,29.21,0.0,1,0.125,0.1025
884,9,5.0,18.21,27.41,,1,0.125,0.1025
885,9,5.25,19.53,28.11,0.0,0,0.0,0.0
886,9,5.5,18.22,28.69,0.0,3,0.475,0.3895
887,9,5.75,17.39,30.48,0.0,3,0.475,0.3895
888,9,6.0,18.52,31.3,0.0,1,0.125,0.1025
889,9,6.25,18.78,,0.0,2,0.275,0.2255
890,9,6.5,17.88,30.13,0.0,3,0.475,0.3895
891,9,6.75,17.94,31.11,0.0,2,0.275,0.2255
892,9,7.0,18.92,31.03,0.0,1,0.125,0.1025
893,9,7.25,20.43,32.8,0.0,0,0.0,0.0
894,9,7.5,21.94,32.58,0.0,0,0.0,0.0
895,9,7.75,22.64,32.37,0.0,1,0.125,0.1025
896,9,8.0,21.96,33.09,0.0,3,0.475,0.3895
897,9,8.25,23.13,32.9,0.0,1,0.125,0.1025
898,9,8.5,22.44,34.48,0.0,3,0.475,0.3895
899,9,8.75,24.26,34.84,0.0,0,0.0,0.0
900,9,9.0,26.19,33.01,1.0,0,0.0,0.0
901,9,9.25,27.44,33.83,1.0,1,0.125,0.1025
902,9,9.5,27.92,35.37,1.0,2,0.275,0.2255
903,9,9.75,29.27,36.18,1.0,1,0.125,0.1025
904,9,10.0,30.88,34.49,1.0,0,0.0,0.0
905,9,10.25,31.14,36.36,1.0,2,0.275,0.2255
906,9,10.5,32.94,37.3,1.0,0,0.0,0.0
907,9,10.75,33.76,36.72,1.0,1,0.125,0.1025
908,9,11.0,32.67,36.11,1.0,3,0.475,0.3895
909,9,11.25,34.16,36.16,1.0,0,0.0,0.0
910,9,11.5,34.62,35.62,1.0,1,0.125,0.1025
911,9,11.75,34.25,35.5,1.0,2,0.275,0.2255
912,9,12.0,34.88,35.71,1.0,1,0.125,0.1025
913,9,12.25,,35.88,1.0,1,0.125,0.1025
914,9,12.5,35.01,35.96,1.0,2,0.275,0.2255
915,9,12.75,36.0,35.6,1.0,0,0.0,0.0
916,9,13.0,36.57,37.07,1.0,1,0.125,0.1025
917,9,13.25,36.16,37.16,1.0,2,0.275,0.2255
918,9,13.5,36.31,35.18,1.0,1,0.125,0.1025
919,9,13.75,35.18,35.38,0.0,2,0.275,0.2255
920,9,14.0,35.24,33.58,0.0,0,0.0,0.0
921,9,14.25,,35.17,1.0,3,0.475,0.3895
922,9,14.5,32.78,35.7,1.0,3,0.475,0.3895
923,9,14.75,31.44,33.6,1.0,3,0.475,0.3895
924,9,15.0,32.79,35.24,1.0,0,0.0,0.0
925,9,15.25,31.41,34.29,1.0,3,0.475,0.3895
926,9,15.5,32.63,33.39,1.0,0,0.0,0.0
927,9,15.75,32.28,33.64,1.0,2,0.275,0.2255
928,9,16.0,31.12,33.73,1.0,3,0.475,0.3895
929,9,16.25,31.91,33.94,1.0,1,0.125,0.1025
930,9,16.5,32.28,32.31,1.0,1,0.125,0.1025
931,9,16.75,32.62,32.91,1.0,1,0.125,0.1025
932,9,17.0,31.16,32.19,1.0,3,0.475,0.3895
933,9,17.25,29.62,32.58,1.0,3,0.475,0.3895
934,9,17.5,28.91,30.49,1.0,2,0.275,0.2255
935,9,17.75,29.07,31.77,1.0,1,0.125,0.1025
936,9,18.0,29.91,31.57,1.0,0,0.0,0.0
937,9,18.25,28.44,29.6,0.0,2,0.275,0.2255
938,9,18.5,28.4,28.1,0.0,0,0.0,0.0
939,9,18.75,26.19,28.64,0.0,3,0.475,0.3895
940,9,19.0,24.18,28.36,0.0,3,0.475,0.3895
941,9,19.25,24.73,29.43,0.0,0,0.0,0.0
942,9,19.5,24.3,26.39,0.0,1,0.125,0.1025
943,9,19.75,25.11,26.42,1.0,0,0.0,0.0
944,9,20.0,25.47,28.07,0.0,0,0.0,0.0
945,9,20.25,24.76,25.36,0.0,1,0.125,0.1025
946,9,20.5,24.48,23.51,0.0,0,0.0,0.0
947,9,20.75,24.68,25.69,1.0,1,0.125,0.1025
948,9,21.0,24.92,25.02,0.0,0,0.0,0.0
949,9,21.25,23.19,23.21,0.0,2,0.275,0.2255
950,9,21.5,22.19,27.38,0.0,2,0.275,0.2255
951,9,21.75,22.19,22.66,0.0,0,0.0,0.0
952,9,22.0,20.18,24.79,0.0,3,0.475,0.3895
953,9,22.25,20.07,23.69,0.0,1,0.125,0.1025
954,9,22.5,20.45,23.77,0.0,0,0.0,0.0
955,9,22.75,19.5,23.45,0.0,2,0.275,0.2255
956,9,23.0,19.5,24.16,0.0,1,0.125,0.1025
957,9,23.25,18.68,24.57,0.0,2,0.275,0.2255
958,9,23.5,16.93,23.31,0.0,3,0.475,0.3895
959,9,23.75,16.3,23.38,0.0,2,0.275,0.2255
960,10,0.0,16.72,25.06,0.0,1,0.125,0.1025
961,10,0.25,,21.73,0.0,3,0.475,0.3895
962,10,0.5,13.77,22.31,0.0,3,0.475,0.3895
963,10,0.75,14.29,23.63,0.0,1,0.125,0.1025
964,10,1.0,15.13,21.99,0.0,0,0.0,0.0
965,10,1.25,15.59,22.79,0.0,1,0.125,0.1025
966,10,1.5,15.94,23.73,0.0,1,0.125,0.1025
967,10,1.75,17.07,25.46,0.0,0,0.0,0.0
968,10,2.0,17.71,22.85,0.0,0,0.0,0.0
969,10,2.25,17.0,24.09,0.0,2,0.275,0.2255
970,10,2.5,16.4,24.14,0.0,2,0.275,0.2255
971,10,2.75,17.41,24.98,0.0,0,0.0,0.0
972,10,3.0,18.25,23.76,0.0,0,0.0,0.0
973,10,3.25,17.99,27.95,0.0,2,0.275,0.2255
974,10,3.5,17.67,26.21,0.0,2,0.275,0.2255
975,10,3.75,17.51,26.91,0.0,2,0.275,0.2255
976,10,4.0,71.11334219341425,26.79,0.0,1,0.125,0.1025
977,10,4.25,17.79,26.87,0.0,2,0.275,0.2255
978,10,4.5,17.98,25.04,0.0,1,0.125,0.1025
979,10,4.75,16.89,27.97,0.0,3,0.475,0.3895
980,10,5.0,16.74,26.92,0.0,2,0.275,0.2255
981,10,5.25,16.73,28.3,0.0,2,0.275,0.2255
982,10,5.5,16.72,28.44,0.0,2,0.275,0.2255
983,10,5.75,16.69,28.25,0.0,2,0.275,0.2255
984,10,6.0,18.22,29.36,0.0,0,0.0,0.0
985,10,6.25,19.71,31.05,0.0,0,0.0,0.0
986,10,6.5,21.12,31.64,0.0,0,0.0,0.0
987,10,6.75,21.09,32.6,0.0,2,0.275,0.2255
988,10,7.0,21.85,32.84,0.0,1,0.125,0.1025
989,10,7.25,20.83,32.61,0.0,3,0.475,0.3895
990,10,7.5,21.97,30.42,0.0,0,0.0,0.0
991,10,7.75,21.05,34.02,0.0,3,0.475,0.3895
992,10,8.0,21.12,30.73,0.0,2,0.275,0.2255
993,10,8.25,,35.27,0.0,2,0.275,0.2255
994,10,8.5,22.11,34.76,0.0,2,0.275,0.2255
995,10,8.75,23.97,34.61,0.0,0,0.0,0.0
996,10,9.0,25.85,32.92,1.0,0,0.0,0.0
997,10,9.25,27.41,36.06,1.0,1,0.125,0.1025
998,10,9.5,29.51,35.76,1.0,0,0.0,0.0
999,10,9.75,31.32,35.82,1.0,0,0.0,0.0
1000,10,10.0,32.98,36.83,1.0,0,0.0,0.0
1001,10,10.25,32.82,35.81,1.0,2,0.275,0.2255
1002,10,10.5,32.9,37.78,1.0,2,0.275,0.2255
1003,10,10.75,31.99,36.3,1.0,3,0.475,0.3895
1004,10,11.0,32.89,36.8,1.0,1,0.125,0.1025
1005,10,11.25,32.67,35.32,1.0,2,0.275,0.2255
1006,10,11.5,31.75,36.66,1.0,3,0.475,0.3895
1007,10,11.75,33.45,37.77,1.0,0,0.0,0.0
1008,10,12.0,33.69,39.49,1.0,2,0.275,0.2255
1009,10,12.25,33.68,35.97,1.0,2,0.275,0.2255
1010,10,12.5,34.88,34.79,1.0,0,0.0,0.0
1011,10,12.75,35.91,35.92,1.0,0,0.0,0.0
1012,10,13.0,36.37,37.77,0.0,0,0.0,0.0
1013,10,13.25,34.95,35.57,1.0,3,0.475,0.3895
1014,10,13.5,35.29,34.17,1.0,1,0.125,0.1025
1015,10,13.75,35.71,36.38,1.0,1,0.125,0.1025
1016,10,14.0,35.13,34.31,0.0,1,0.125,0.1025
1017,10,14.25,36.05,,1.0,0,0.0,0.0
1018,10,14.5,34.85,37.02,1.0,3,0.475,0.3895
1019,10,14.75,33.47,33.94,1.0,3,0.475,0.3895
1020,10,15.0,34.8,35.77,1.0,0,0.0,0.0
1021,10,15.25,34.87,33.87,1.0,1,0.125,0.1025
1022,10,15.5,35.1,33.48,1.0,1,0.125,0.1025
1023,10,15.75,36.23,36.56,1.0,0,0.0,0.0
1024,10,16.0,34.73,34.97,1.0,3,0.475,0.3895
1025,10,16.25,34.93,33.61,1.0,1,0.125,0.1025
1026,10,16.5,34.59,34.68,1.0,2,0.275,0.2255
1027,10,16.75,34.24,,1.0,2,0.275,0.2255
1028,10,17.0,33.33,30.11,1.0,2,0.275,0.2255
1029,10,17.25,31.59,32.23,1.0,3,0.475,0.3895
1030,10,17.5,31.56,30.55,1.0,1,0.125,0.1025
1031,10,17.75,32.1,,1.0,0,0.0,0.0
1032,10,18.0,32.42,30.54,1.0,0,0.0,0.0
1033,10,18.25,,27.95,0.0,3,0.475,0.3895
1034,10,18.5,27.22,29.32,0.0,3,0.475,0.3895
1035,10,18.75,27.55,29.66,0.0,0,0.0,0.0
1036,10,19.0,26.87,26.14,0.0,1,0.125,0.1025
1037,10,19.25,24.76,28.79,0.0,3,0.475,0.3895
1038,10,19.5,24.53,27.6,0.0,1,0.125,0.1025
1039,10,19.75,23.57,27.89,0.0,2,0.275,0.2255
1040,10,20.0,24.75,28.58,1.0,0,0.0,0.0
1041,10,20.25,22.57,25.22,0.0,3,0.475,0.3895
1042,10,20.5,21.44,25.3,0.0,2,0.275,0.2255
1043,10,20.75,21.32,25.98,0.0,1,0.125,0.1025
1044,10,21.0,,26.5,0.0,2,0.275,0.2255
1045,10,21.25,20.67,26.29,0.0,1,0.125,0.1025
1046,10,21.5,20.44,23.73,0.0,1,0.125,0.1025
1047,10,21.75,21.0,,0.0,0,0.0,0.0
1048,10,22.0,20.07,24.67,0.0,2,0.275,0.2255
1049,10,22.25,19.23,24.34,0.0,2,0.275,0.2255
1050,10,22.5,19.59,22.71,0.0,0,0.0,0.0
1051,10,22.75,19.87,22.58,0.0,0,0.0,0.0
1052,10,23.0,18.15,24.31,0.0,3,0.475,0.3895
1053,10,23.25,17.56,23.86,0.0,2,0.275,0.2255
1054,10,23.5,17.85,24.89,0.0,1,0.125,0.1025
1055,10,23.75,16.03,23.16,0.0,3,0.475,0.3895
1056,11,0.0,16.37,24.3,0.0,1,0.125,0.1025
1057,11,0.25,14.87,22.73,0.0,3,0.475,0.3895
1058,11,0.5,15.34,23.73,0.0,1,0.125,0.1025
1059,11,0.75,13.81,21.22,0.0,3,0.475,0.3895
1060,11,1.0,12.63,22.89,0.0,3,0.475,0.3895
1061,11,1.25,12.38,23.67,0.0,2,0.275,0.2255
1062,11,1.5,13.32,25.31,0.0,1,0.125,0.1025
1063,11,1.75,12.98,,0.0,2,0.275,0.2255
1064,11,2.0,12.22,,0.0,3,0.475,0.3895
1065,11,2.25,13.78,23.92,0.0,0,0.0,0.0
1066,11,2.5,15.26,25.66,0.0,0,0.0,0.0
1067,11,2.75,13.94,24.47,0.0,3,0.475,0.3895
1068,11,3.0,14.81,,0.0,1,0.125,0.1025
1069,11,3.25,14.47,23.58,0.0,2,0.275,0.2255
1070,11,3.5,15.06,24.45,0.0,1,0.125,0.1025
1071,11,3.75,16.27,25.19,0.0,0,0.0,0.0
1072,11,4.0,16.17,27.13,0.0,2,0.275,0.2255
1073,11,4.25,16.99,27.48,0.0,1,0.125,0.1025
1074,11,4.5,18.25,26.71,0.0,0,0.0,0.0
1075,11,4.75,17.29,28.6,0.0,3,0.475,0.3895
1076,11,5.0,17.0,27.22,0.0,2,0.275,0.2255
1077,11,5.25,17.89,29.52,0.0,1,0.125,0.1025
1078,11,5.5,19.13,27.89,0.0,0,0.0,0.0
1079,11,5.75,20.66,,0.0,0,0.0,0.0
1080,11,6.0,21.08,28.98,0.0,1,0.125,0.1025
1081,11,6.25,20.6,28.65,0.0,2,0.275,0.2255
1082,11,6.5,21.9,30.5,0.0,0,0.0,0.0
1083,11,6.75,21.41,30.35,0.0,2,0.275,0.2255
1084,11,7.0,20.41,32.72,0.0,3,0.475,0.3895
1085,11,7.25,21.74,31.18,0.0,0,0.0,0.0
1086,11,7.5,21.86,33.75,0.0,2,0.275,0.2255
1087,11,7.75,23.42,33.29,0.0,0,0.0,0.0
1088,11,8.0,22.76,32.95,0.0,3,0.475,0.3895
1089,11,8.25,23.02,33.51,0.0,2,0.275,0.2255
1090,11,8.5,23.36,34.45,0.0,2,0.275,0.2255
1091,11,8.75,23.68,34.77,0.0,2,0.275,0.2255
1092,11,9.0,24.76,36.12,1.0,2,0.275,0.2255
1093,11,9.25,26.49,36.74,1.0,1,0.125,0.1025
1094,11,9.5,,34.77,1.0,2,0.275,0.2255
1095,11,9.75,27.26,,1.0,2,0.275,0.2255
1096,11,10.0,29.08,34.93,1.0,0,0.0,0.0
1097,11,10.25,29.62,38.01,1.0,2,0.275,0.2255
1098,11,10.5,31.46,36.17,1.0,0,0.0,0.0
1099,11,10.75,32.98,35.67,1.0,0,0.0,0.0
1100,11,11.0,34.19,35.8,1.0,0,0.0,0.0
1101,11,11.25,34.89,36.46,1.0,1,0.125,0.1025
1102,11,11.5,34.42,35.21,1.0,2,0.275,0.2255
1103,11,11.75,36.03,38.72,1.0,0,0.0,0.0
1104,11,12.0,36.22,35.29,1.0,1,0.125,0.1025
1105,11,12.25,34.86,35.4,1.0,3,0.475,0.3895
1106,11,12.5,33.5,34.44,1.0,3,0.475,0.3895
1107,11,12.75,32.12,33.16,1.0,3,0.475,0.3895
1108,11,13.0,31.66,36.82,0.0,2,0.275,0.2255
1109,11,13.25,33.02,39.53,1.0,1,0.125,0.1025
1110,11,13.5,34.28,35.77,1.0,0,0.0,0.0
1111,11,13.75,34.94,36.37,0.0,0,0.0,0.0
1112,11,14.0,33.59,35.86,1.0,3,0.475,0.3895
1113,11,14.25,32.58,36.18,1.0,3,0.475,0.3895
1114,11,14.5,32.06,31.51,1.0,2,0.275,0.2255
1115,11,14.75,32.94,35.57,1.0,1,0.125,0.1025
1116,11,15.0,31.94,34.92,1.0,3,0.475,0.3895
1117,11,15.25,32.47,32.37,1.0,1,0.125,0.1025
1118,11,15.5,33.01,33.8,1.0,1,0.125,0.1025
1119,11,15.75,31.95,35.26,1.0,3,0.475,0.3895
1120,11,16.0,32.05,36.46,1.0,2,0.275,0.2255
1121,11,16.25,31.79,33.5,1.0,2,0.275,0.2255
1122,11,16.5,32.27,33.2,1.0,1,0.125,0.1025
1123,11,16.75,32.84,34.56,1.0,1,0.125,0.1025
1124,11,17.0,33.76,33.23,1.0,0,0.0,0.0
1125,11,17.25,34.4,34.16,1.0,0,0.0,0.0
1126,11,17.5,34.74,31.92,1.0,0,0.0,0.0
1127,11,17.75,,30.94,1.0,0,0.0,0.0
1128,11,18.0,34.33,26.71,1.0,0,0.0,0.0
1129,11,18.25,32.94,28.39,0.0,1,0.125,0.1025
1130,11,18.5,30.0,28.05,0.0,3,0.475,0.3895
1131,11,18.75,28.46,29.41,0.0,2,0.275,0.2255
1132,11,19.0,26.85,27.35,0.0,2,0.275,0.2255
1133,11,19.25,26.53,29.22,0.0,1,0.125,0.1025
1134,11,19.5,25.85,26.9,0.0,1,0.125,0.1025
1135,11,19.75,23.82,27.52,0.0,3,0.475,0.3895
1136,11,20.0,24.2,28.75,1.0,1,0.125,0.1025
1137,11,20.25,24.01,26.7,0.0,1,0.125,0.1025
1138,11,20.5,23.93,27.31,0.0,1,0.125,0.1025
1139,11,20.75,24.01,25.05,0.0,0,0.0,0.0
1140,11,21.0,22.53,22.58,0.0,2,0.275,0.2255
1141,11,21.25,21.49,25.67,0.0,2,0.275,0.2255
1142,11,21.5,22.12,25.99,0.0,0,0.0,0.0
1143,11,21.75,20.99,25.55,0.0,2,0.275,0.2255
1144,11,22.0,20.16,25.46,0.0,2,0.275,0.2255
1145,11,22.25,19.92,22.92,0.0,1,0.125,0.1025
1146,11,22.5,19.87,24.88,0.0,1,0.125,0.1025
1147,11,22.75,18.35,26.2,0.0,3,0.475,0.3895
1148,11,23.0,18.61,20.55,0.0,0,0.0,0.0
1149,11,23.25,18.59,23.64,0.0,1,0.125,0.1025
1150,11,23.5,17.72,23.1,0.0,2,0.275,0.2255
1151,11,23.75,17.28,25.97,0.0,2,0.275,0.2255
1152,12,0.0,15.65,22.33,0.0,3,0.475,0.3895
1153,12,0.25,15.93,23.07,0.0,1,0.125,0.1025
1154,12,0.5,15.46,23.21,0.0,2,0.275,0.2255
1155,12,0.75,16.21,21.06,0.0,0,0.0,0.0
1156,12,1.0,17.37,24.68,0.0,0,0.0,0.0
1157,12,1.25,16.64,23.61,0.0,2,0.275,0.2255
1158,12,1.5,16.92,23.83,0.0,1,0.125,0.1025
1159,12,1.75,17.48,27.26,0.0,1,0.125,0.1025
1160,12,2.0,16.76,22.97,0.0,2,0.275,0.2255
1161,12,2.25,16.76,21.96,0.0,1,0.125,0.1025
1162,12,2.5,17.64,24.14,0.0,0,0.0,0.0
1163,12,2.75,17.81,24.62,0.0,1,0.125,0.1025
1164,12,3.0,17.26,25.76,0.0,2,0.275,0.2255
1165,12,3.25,17.09,28.7,0.0,2,0.275,0.2255
1166,12,3.5,17.49,24.65,0.0,1,0.125,0.1025
1167,12,3.75,17.18,26.21,0.0,2,0.275,0.2255
1168,12,4.0,17.64,25.75,0.0,1,0.125,0.1025
1169,12,4.25,18.19,27.54,0.0,1,0.125,0.1025
1170,12,4.5,18.09,29.42,0.0,2,0.275,0.2255
1171,12,4.75,17.87,27.96,0.0,2,0.275,0.2255
1172,12,5.0,18.7,28.55,0.0,1,0.125,0.1025
1173,12,5.25,17.66,29.49,0.0,3,0.475,0.3895
1174,12,5.5,17.9,30.82,0.0,2,0.275,0.2255
1175,12,5.75,17.86,28.38,0.0,2,0.275,0.2255
1176,12,6.0,18.81,26.51,0.0,0,0.0,0.0
1177,12,6.25,17.38,27.35,0.0,3,0.475,0.3895
1178,12,6.5,19.13,31.83,,0,0.0,0.0
1179,12,6.75,20.21,28.16,0.0,0,0.0,0.0
1180,12,7.0,21.77,33.73,0.0,0,0.0,0.0
1181,12,7.25,22.52,,0.0,1,0.125,0.1025
1182,12,7.5,22.78,30.73,0.0,1,0.125,0.1025
1183,12,7.75,21.41,31.57,0.0,3,0.475,0.3895
1184,12,8.0,22.69,34.73,0.0,1,0.125,0.1025
1185,12,8.25,22.07,32.33,0.0,3,0.475,0.3895
1186,12,8.5,22.13,32.25,0.0,2,0.275,0.2255
1187,12,8.75,23.71,31.76,0.0,0,0.0,0.0
1188,12,9.0,,35.84,1.0,0,0.0,0.0
1189,12,9.25,28.03,34.16,1.0,0,0.0,0.0
1190,12,9.5,28.43,35.22,,2,0.275,0.2255
1191,12,9.75,30.34,37.19,1.0,0,0.0,0.0
1192,12,10.0,30.34,33.68,1.0,2,0.275,0.2255
1193,12,10.25,29.66,37.3,1.0,3,0.475,0.3895
1194,12,10.5,30.15,36.1,1.0,2,0.275,0.2255
1195,12,10.75,30.64,38.33,1.0,2,0.275,0.2255
1196,12,11.0,32.15,35.04,1.0,0,0.0,0.0
1197,12,11.25,31.28,37.3,1.0,3,0.475,0.3895
1198,12,11.5,32.87,36.83,1.0,0,0.0,0.0
1199,12,11.75,34.25,37.43,1.0,0,0.0,0.0
1200,12,12.0,35.91,39.19,1.0,0,0.0,0.0
1201,12,12.25,35.89,38.36,1.0,2,0.275,0.2255
1202,12,12.5,35.51,36.29,1.0,2,0.275,0.2255
1203,12,12.75,36.56,36.09,1.0,0,0.0,0.0
1204,12,13.0,36.13,35.46,1.0,2,0.275,0.2255
1205,12,13.25,36.77,37.79,1.0,1,0.125,0.1025
1206,12,13.5,37.7,35.23,1.0,0,0.0,0.0
1207,12,13.75,,32.71,1.0,0,0.0,0.0
1208,12,14.0,38.18,36.51,,1,0.125,0.1025
1209,12,14.25,37.99,33.41,1.0,1,0.125,0.1025
1210,12,14.5,37.51,32.89,1.0,1,0.125,0.1025
1211,12,14.75,36.63,33.6,1.0,2,0.275,0.2255
1212,12,15.0,36.73,34.43,1.0,1,0.125,0.1025
1213,12,15.25,37.0,35.77,1.0,1,0.125,0.1025
1214,12,15.5,35.44,34.68,1.0,3,0.475,0.3895
1215,12,15.75,33.65,32.26,1.0,3,0.475,0.3895
1216,12,16.0,33.45,35.21,1.0,2,0.275,0.2255
1217,12,16.25,33.55,31.58,1.0,1,0.125,0.1025
1218,12,16.5,34.26,32.57,1.0,0,0.0,0.0
1219,12,16.75,32.59,31.41,1.0,3,0.475,0.3895
1220,12,17.0,32.81,30.4,1.0,1,0.125,0.1025
1221,12,17.25,33.14,30.92,1.0,0,0.0,0.0
1222,12,17.5,33.0,31.22,1.0,1,0.125,0.1025
1223,12,17.75,30.56,28.54,1.0,3,0.475,0.3895
1224,12,18.0,29.5,29.65,1.0,2,0.275,0.2255
1225,12,18.25,29.76,31.74,0.0,0,0.0,0.0
1226,12,18.5,28.86,27.76,0.0,1,0.125,0.1025
1227,12,18.75,28.42,25.72,0.0,0,0.0,0.0
1228,12,19.0,26.79,25.91,0.0,2,0.275,0.2255
1229,12,19.25,27.43,27.07,1.0,0,0.0,0.0
1230,12,19.5,25.99,27.29,0.0,2,0.275,0.2255
1231,12,19.75,24.77,26.92,0.0,2,0.275,0.2255
1232,12,20.0,22.4,25.64,0.0,3,0.475,0.3895
1233,12,20.25,21.44,26.09,0.0,2,0.275,0.2255
1234,12,20.5,20.76,27.16,0.0,2,0.275,0.2255
1235,12,20.75,20.86,27.04,0.0,1,0.125,0.1025
1236,12,21.0,21.9,25.15,1.0,0,0.0,0.0
1237,12,21.25,19.68,22.37,0.0,3,0.475,0.3895
1238,12,21.5,19.55,23.22,0.0,1,0.125,0.1025
1239,12,21.75,20.25,26.01,0.0,0,0.0,0.0
1240,12,22.0,19.97,22.24,0.0,1,0.125,0.1025
1241,12,22.25,20.54,24.12,0.0,0,0.0,0.0
1242,12,22.5,20.25,23.3,0.0,1,0.125,0.1025
1243,12,22.75,20.8,23.67,0.0,0,0.0,0.0
1244,12,23.0,21.29,25.39,0.0,0,0.0,0.0
1245,12,23.25,21.04,24.4,0.0,1,0.125,0.1025
1246,12,23.5,21.28,,0.0,0,0.0,0.0
1247,12,23.75,21.05,25.01,0.0,1,0.125,0.1025
1248,13,0.0,19.91,23.53,0.0,2,0.275,0.2255
1249,13,0.25,18.95,24.0,0.0,2,0.275,0.2255
1250,13,0.5,18.87,23.6,0.0,1,0.125,0.1025
1251,13,0.75,17.01,21.46,0.0,3,0.475,0.3895
1252,13,1.0,15.57,23.12,0.0,3,0.475,0.3895
1253,13,1.25,,23.86,0.0,2,0.275,0.2255
1254,13,1.5,13.7,22.13,0.0,3,0.475,0.3895
1255,13,1.75,14.87,22.38,0.0,0,0.0,0.0
1256,13,2.0,15.08,22.88,0.0,1,0.125,0.1025
1257,13,2.25,,25.55,0.0,3,0.475,0.3895
1258,13,2.5,13.15,23.99,0.0,3,0.475,0.3895
1259,13,2.75,13.48,28.77,0.0,2,0.275,0.2255
1260,13,3.0,14.7,23.67,0.0,0,0.0,0.0
1261,13,3.25,15.53,26.17,0.0,1,0.125,0.1025
1262,13,3.5,16.22,26.24,,1,0.125,0.1025
1263,13,3.75,17.07,27.39,0.0,1,0.125,0.1025
1264,13,4.0,15.99,27.63,0.0,3,0.475,0.3895
1265,13,4.25,15.89,27.4,0.0,2,0.275,0.2255
1266,13,4.5,15.29,23.59,0.0,2,0.275,0.2255
1267,13,4.75,16.06,26.4,0.0,1,0.125,0.1025
1268,13,5.0,15.22,27.92,0.0,3,0.475,0.3895
1269,13,5.25,14.38,26.75,0.0,3,0.475,0.3895
1270,13,5.5,15.12,31.3,0.0,2,0.275,0.2255
1271,13,5.75,14.81,31.71,0.0,3,0.475,0.3895
1272,13,6.0,14.46,30.44,0.0,3,0.475,0.3895
1273,13,6.25,15.45,28.18,0.0,1,0.125,0.1025
1274,13,6.5,17.03,29.07,0.0,0,0.0,0.0
1275,13,6.75,18.37,32.65,0.0,1,0.125,0.1025
1276,13,7.0,20.53,34.24,0.0,0,0.0,0.0
1277,13,7.25,20.68,33.52,0.0,2,0.275,0.2255
1278,13,7.5,20.37,36.71,0.0,3,0.475,0.3895
1279,13,7.75,21.73,32.75,0.0,0,0.0,0.0
1280,13,8.0,23.64,34.38,0.0,0,0.0,0.0
1281,13,8.25,24.3,32.26,0.0,1,0.125,0.1025
1282,13,8.5,25.25,33.69,0.0,1,0.125,0.1025
1283,13,8.75,26.6,34.06,0.0,0,0.0,0.0
1284,13,9.0,28.33,33.34,1.0,0,0.0,0.0
1285,13,9.25,29.85,33.72,1.0,0,0.0,0.0
1286,13,9.5,,36.42,1.0,2,0.275,0.2255
1287,13,9.75,31.26,36.46,1.0,1,0.125,0.1025
1288,13,10.0,32.13,35.52,1.0,1,0.125,0.1025
1289,13,10.25,33.55,35.67,1.0,0,0.0,0.0
1290,13,10.5,32.45,34.94,1.0,3,0.475,0.3895
1291,13,10.75,,39.83,1.0,1,0.125,0.1025
1292,13,11.0,35.14,38.46,1.0,0,0.0,0.0
1293,13,11.25,36.24,36.43,1.0,0,0.0,0.0
1294,13,11.5,35.93,38.67,1.0,2,0.275,0.2255
1295,13,11.75,36.47,37.94,1.0,1,0.125,0.1025
1296,13,12.0,36.11,35.87,1.0,2,0.275,0.2255
1297,13,12.25,35.77,36.78,1.0,2,0.275,0.2255
1298,13,12.5,36.99,37.31,1.0,0,0.0,0.0
1299,13,12.75,36.56,36.96,1.0,2,0.275,0.2255
1300,13,13.0,35.47,37.52,,2,0.275,0.2255
1301,13,13.25,36.39,34.89,1.0,0,0.0,0.0
1302,13,13.5,35.7,34.96,1.0,2,0.275,0.2255
1303,13,13.75,34.52,37.39,1.0,3,0.475,0.3895
1304,13,14.0,34.06,34.62,1.0,2,0.275,0.2255
1305,13,14.25,35.17,39.23,1.0,1,0.125,0.1025
1306,13,14.5,35.93,38.37,1.0,1,0.125,0.1025
1307,13,14.75,35.29,33.71,1.0,2,0.275,0.2255
1308,13,15.0,,34.02,1.0,1,0.125,0.1025
1309,13,15.25,34.96,34.07,1.0,2,0.275,0.2255
1310,13,15.5,33.87,37.24,1.0,3,0.475,0.3895
1311,13,15.75,33.12,32.39,1.0,2,0.275,0.2255
1312,13,16.0,33.2,30.46,1.0,1,0.125,0.1025
1313,13,16.25,33.91,35.34,1.0,1,0.125,0.1025
1314,13,16.5,32.51,33.55,1.0,3,0.475,0.3895
1315,13,16.75,33.09,34.36,1.0,1,0.125,0.1025
1316,13,17.0,32.58,31.72,1.0,2,0.275,0.2255
1317,13,17.25,30.74,32.51,1.0,3,0.475,0.3895
1318,13,17.5,30.92,33.06,1.0,1,0.125,0.1025
1319,13,17.75,29.89,29.02,1.0,2,0.275,0.2255
1320,13,18.0,29.04,29.44,1.0,2,0.275,0.2255
1321,13,18.25,29.72,34.5,0.0,0,0.0,0.0
1322,13,18.5,28.32,30.12,0.0,2,0.275,0.2255
1323,13,18.75,28.33,28.12,0.0,0,0.0,0.0
1324,13,19.0,28.14,25.92,0.0,0,0.0,0.0
1325,13,19.25,,24.46,1.0,2,0.275,0.2255
1326,13,19.5,24.41,25.79,0.0,3,0.475,0.3895
1327,13,19.75,23.87,24.24,0.0,1,0.125,0.1025
1328,13,20.0,22.75,26.91,0.0,2,0.275,0.2255
1329,13,20.25,22.08,28.23,0.0,2,0.275,0.2255
1330,13,20.5,21.05,24.94,0.0,2,0.275,0.2255
1331,13,20.75,21.24,23.28,0.0,0,0.0,0.0
1332,13,21.0,21.75,24.98,0.0,0,0.0,0.0
1333,13,21.25,,29.19,0.0,0,0.0,0.0
1334,13,21.5,21.3,23.81,0.0,2,0.275,0.2255
1335,13,21.75,20.36,25.57,0.0,2,0.275,0.2255
1336,13,22.0,21.02,26.14,0.0,0,0.0,0.0
1337,13,22.25,19.55,20.43,0.0,2,0.275,0.2255
1338,13,22.5,18.5,22.31,0.0,2,0.275,0.2255
1339,13,22.75,18.54,24.91,0.0,1,0.125,0.1025
1340,13,23.0,19.02,,0.0,0,0.0,0.0
1341,13,23.25,19.34,26.23,0.0,1,0.125,0.1025
1342,13,23.5,18.32,22.62,0.0,2,0.275,0.2255
1343,13,23.75,18.89,23.21,0.0,0,0.0,0.0
1344,14,0.0,18.04,23.47,0.0,2,0.275,0.2255
1345,14,0.25,16.34,23.65,0.0,3,0.475,0.3895
1346,14,0.5,15.6,21.79,0.0,2,0.275,0.2255
1347,14,0.75,15.2,,0.0,2,0.275,0.2255
1348,14,1.0,15.81,,0.0,1,0.125,0.1025
1349,14,1.25,16.72,23.04,0.0,0,0.0,0.0
1350,14,1.5,15.25,23.49,0.0,3,0.475,0.3895
1351,14,1.75,14.2,24.57,0.0,3,0.475,0.3895
1352,14,2.0,13.3,26.36,0.0,3,0.475,0.3895
1353,14,2.25,14.69,25.0,0.0,0,0.0,0.0
1354,14,2.5,13.5,25.0,0.0,3,0.475,0.3895
1355,14,2.75,13.59,25.61,,2,0.275,0.2255
1356,14,3.0,14.99,25.02,0.0,0,0.0,0.0
1357,14,3.25,16.28,,0.0,0,0.0,0.0
1358,14,3.5,17.45,26.17,0.0,0,0.0,0.0
1359,14,3.75,17.1,25.59,0.0,2,0.275,0.2255
1360,14,4.0,17.68,27.06,0.0,1,0.125,0.1025
1361,14,4.25,18.88,26.55,0.0,0,0.0,0.0
1362,14,4.5,17.74,28.59,0.0,3,0.475,0.3895
1363,14,4.75,17.46,26.9,0.0,2,0.275,0.2255
1364,14,5.0,,28.69,0.0,0,0.0,0.0
1365,14,5.25,20.08,29.89,0.0,0,0.0,0.0
1366,14,5.5,21.36,29.07,0.0,0,0.0,0.0
1367,14,5.75,22.33,29.73,0.0,0,0.0,0.0
1368,14,6.0,,30.98,0.0,2,0.275,0.2255
1369,14,6.25,22.12,29.0,0.0,1,0.125,0.1025
1370,14,6.5,21.01,32.06,0.0,3,0.475,0.3895
1371,14,6.75,22.05,29.39,0.0,0,0.0,0.0
1372,14,7.0,21.91,32.15,0.0,2,0.275,0.2255
1373,14,7.25,22.58,33.49,0.0,1,0.125,0.1025
1374,14,7.5,21.42,-18.569019704431007,0.0,3,0.475,0.3895
1375,14,7.75,20.31,31.73,0.0,3,0.475,0.3895
1376,14,8.0,20.8,33.11,0.0,2,0.275,0.2255
1377,14,8.25,21.28,33.75,0.0,2,0.275,0.2255
1378,14,8.5,21.81,34.19,0.0,2,0.275,0.2255
1379,14,8.75,22.19,34.14,0.0,2,0.275,0.2255
1380,14,9.0,23.24,34.91,1.0,2,0.275,0.2255
1381,14,9.25,24.16,34.48,1.0,2,0.275,0.2255
1382,14,9.5,25.88,35.84,1.0,1,0.125,0.1025
1383,14,9.75,26.61,34.7,1.0,2,0.275,0.2255
1384,14,10.0,27.52,36.73,1.0,2,0.275,0.2255
1385,14,10.25,28.09,35.55,1.0,2,0.275,0.2255
1386,14,10.5,28.75,37.77,1.0,2,0.275,0.2255
1387,14,10.75,29.86,34.68,1.0,1,0.125,0.1025
1388,14,11.0,,36.29,1.0,1,0.125,0.1025
1389,14,11.25,,36.72,1.0,3,0.475,0.3895
1390,14,11.5,29.41,33.94,1.0,3,0.475,0.3895
1391,14,11.75,31.27,-11.77153435056352,1.0,0,0.0,0.0
1392,14,12.0,31.49,36.88,1.0,2,0.275,0.2255
1393,14,12.25,31.81,39.03,1.0,2,0.275,0.2255
1394,14,12.5,30.79,36.01,1.0,3,0.475,0.3895
1395,14,12.75,30.99,36.4,1.0,2,0.275,0.2255
1396,14,13.0,31.28,34.79,0.0,1,0.125,0.1025
1397,14,13.25,31.73,36.77,0.0,1,0.125,0.1025
1398,14,13.5,33.27,36.7,1.0,0,0.0,0.0
1399,14,13.75,31.59,36.14,0.0,3,0.475,0.3895
1400,14,14.0,30.78,35.82,0.0,2,0.275,0.2255
1401,14,14.25,32.67,37.33,,0,0.0,0.0
1402,14,14.5,32.62,34.88,1.0,2,0.275,0.2255
1403,14,14.75,32.48,34.8,1.0,2,0.275,0.2255
1404,14,15.0,33.7,34.55,1.0,0,0.0,0.0
1405,14,15.25,33.28,34.38,1.0,2,0.275,0.2255
1406,14,15.5,33.65,33.73,1.0,1,0.125,0.1025
1407,14,15.75,,33.57,1.0,1,0.125,0.1025
1408,14,16.0,32.42,32.67,1.0,3,0.475,0.3895
1409,14,16.25,33.41,32.52,1.0,0,0.0,0.0
1410,14,16.5,34.5,34.31,1.0,0,0.0,0.0
1411,14,16.75,33.81,,1.0,2,0.275,0.2255
1412,14,17.0,34.46,31.43,1.0,0,0.0,0.0
1413,14,17.25,34.06,30.82,1.0,1,0.125,0.1025
1414,14,17.5,33.7,31.31,1.0,1,0.125,0.1025
1415,14,17.75,32.56,30.64,1.0,2,0.275,0.2255
1416,14,18.0,32.8,29.69,1.0,0,0.0,0.0
1417,14,18.25,31.03,28.06,0.0,2,0.275,0.2255
1418,14,18.5,29.38,28.84,0.0,2,0.275,0.2255
1419,14,18.75,27.77,28.89,0.0,2,0.275,0.2255
1420,14,19.0,27.88,29.06,1.0,1,0.125,0.1025
1421,14,19.25,,27.69,0.0,3,0.475,0.3895
1422,14,19.5,25.41,28.28,0.0,1,0.125,0.1025
1423,14,19.75,23.4,27.98,0.0,3,0.475,0.3895
1424,14,20.0,21.67,27.37,0.0,3,0.475,0.3895
1425,14,20.25,20.99,27.35,0.0,2,0.275,0.2255
1426,14,20.5,19.28,25.56,0.0,3,0.475,0.3895
1427,14,20.75,20.25,27.33,0.0,0,0.0,0.0
1428,14,21.0,18.54,24.38,0.0,3,0.475,0.3895
1429,14,21.25,60.10314474951082,26.04,0.0,3,0.475,0.3895
1430,14,21.5,15.79,24.8,0.0,3,0.475,0.3895
1431,14,21.75,17.1,26.18,0.0,0,0.0,0.0
1432,14,22.0,15.84,25.74,0.0,3,0.475,0.3895
1433,14,22.25,16.85,24.0,0.0,0,0.0,0.0
1434,14,22.5,16.34,24.36,0.0,2,0.275,0.2255
1435,14,22.75,16.66,23.95,0.0,1,0.125,0.1025
1436,14,23.0,15.25,23.03,0.0,3,0.475,0.3895
1437,14,23.25,16.32,23.79,0.0,0,0.0,0.0
1438,14,23.5,,23.81,0.0,2,0.275,0.2255
1439,14,23.75,16.36,23.28,0.0,1,0.125,0.1025
1440,15,0.0,16.45,22.16,0.0,1,0.125,0.1025
1441,15,0.25,17.45,24.41,0.0,0,0.0,0.0
1442,15,0.5,16.58,22.93,0.0,2,0.275,0.2255
1443,15,0.75,17.29,22.36,0.0,0,0.0,0.0
1444,15,1.0,18.11,23.66,0.0,0,0.0,0.0
1445,15,1.25,18.04,,0.0,1,0.125,0.1025
1446,15,1.5,17.13,23.6,0.0,2,0.275,0.2255
1447,15,1.75,16.56,24.18,0.0,2,0.275,0.2255
1448,15,2.0,17.36,24.2,0.0,0,0.0,0.0
1449,15,2.25,16.16,25.47,0.0,3,0.475,0.3895
1450,15,2.5,15.8,25.36,0.0,2,0.275,0.2255
1451,15,2.75,14.65,25.08,0.0,3,0.475,0.3895
1452,15,3.0,16.05,25.48,0.0,0,0.0,0.0
1453,15,3.25,16.55,25.6,0.0,1,0.125,0.1025
1454,15,3.5,16.91,24.7,0.0,1,0.125,0.1025
1455,15,3.75,17.42,26.21,0.0,1,0.125,0.1025
1456,15,4.0,17.73,26.42,0.0,1,0.125,0.1025
1457,15,4.25,18.88,27.94,0.0,0,0.0,0.0
1458,15,4.5,19.79,26.4,0.0,0,0.0,0.0
1459,15,4.75,19.31,26.87,0.0,2,0.275,0.2255
1460,15,5.0,,27.91,0.0,3,0.475,0.3895
1461,15,5.25,18.38,,0.0,1,0.125,0.1025
1462,15,5.5,19.7,29.94,0.0,0,0.0,0.0
1463,15,5.75,20.31,29.1,0.0,1,0.125,0.1025
1464,15,6.0,,29.84,0.0,2,0.275,0.2255
1465,15,6.25,20.71,30.52,0.0,1,0.125,0.1025
1466,15,6.5,19.62,30.59,0.0,3,0.475,0.3895
1467,15,6.75,20.6,33.0,0.0,1,0.125,0.1025
1468,15,7.0,20.4,31.08,0.0,2,0.275,0.2255
1469,15,7.25,21.24,33.34,0.0,1,0.125,0.1025
1470,15,7.5,22.56,31.64,0.0,0,0.0,0.0
1471,15,7.75,23.12,32.7,0.0,1,0.125,0.1025
1472,15,8.0,22.29,32.57,0.0,3,0.475,0.3895
1473,15,8.25,22.63,33.97,0.0,2,0.275,0.2255
1474,15,8.5,22.13,34.68,0.0,3,0.475,0.3895
1475,15,8.75,24.1,35.18,0.0,0,0.0,0.0
1476,15,9.0,25.65,34.83,1.0,1,0.125,0.1025
1477,15,9.25,27.62,34.06,1.0,0,0.0,0.0
1478,15,9.5,28.86,33.7,1.0,1,0.125,0.1025
1479,15,9.75,29.86,34.0,1.0,1,0.125,0.1025
1480,15,10.0,31.42,34.43,1.0,0,0.0,0.0
1481,15,10.25,31.65,36.94,1.0,2,0.275,0.2255
1482,15,10.5,31.62,34.87,1.0,2,0.275,0.2255
1483,15,10.75,31.03,37.27,,3,0.475,0.3895
1484,15,11.0,32.55,36.15,1.0,0,0.0,0.0
1485,15,11.25,31.82,37.86,1.0,3,0.475,0.3895
1486,15,11.5,33.58,38.79,1.0,0,0.0,0.0
1487,15,11.75,33.5,36.36,1.0,2,0.275,0.2255
1488,15,12.0,32.56,37.27,1.0,3,0.475,0.3895
1489,15,12.25,34.09,36.74,1.0,0,0.0,0.0
1490,15,12.5,33.95,36.15,1.0,2,0.275,0.2255
1491,15,12.75,33.87,37.15,1.0,2,0.275,0.2255
1492,15,13.0,33.76,36.68,1.0,2,0.275,0.2255
1493,15,13.25,33.55,34.68,1.0,2,0.275,0.2255
1494,15,13.5,32.87,36.88,0.0,2,0.275,0.2255
1495,15,13.75,34.05,35.21,1.0,0,0.0,0.0
1496,15,14.0,32.93,34.63,1.0,3,0.475,0.3895
1497,15,14.25,31.79,33.97,1.0,3,0.475,0.3895
1498,15,14.5,31.71,35.2,1.0,2,0.275,0.2255
1499,15,14.75,,36.34,1.0,2,0.275,0.2255
1500,15,15.0,32.83,35.17,1.0,0,0.0,0.0
1501,15,15.25,32.5,33.67,1.0,2,0.275,0.2255
1502,15,15.5,32.87,33.35,1.0,1,0.125,0.1025
1503,15,15.75,33.31,33.89,1.0,1,0.125,0.1025
1504,15,16.0,32.0,33.62,1.0,3,0.475,0.3895
1505,15,16.25,31.88,34.18,1.0,2,0.275,0.2255
1506,15,16.5,30.46,31.36,1.0,3,0.475,0.3895
1507,15,16.75,31.03,32.93,1.0,1,0.125,0.1025
1508,15,17.0,31.32,31.12,1.0,1,0.125,0.1025
1509,15,17.25,31.79,31.33,1.0,0,0.0,0.0
1510,15,17.5,32.34,31.74,1.0,0,0.0,0.0
1511,15,17.75,31.31,30.29,1.0,2,0.275,0.2255
1512,15,18.0,29.46,30.52,1.0,3,0.475,0.3895
1513,15,18.25,27.21,30.09,0.0,3,0.475,0.3895
1514,15,18.5,25.15,29.4,0.0,3,0.475,0.3895
1515,15,18.75,25.6,28.98,0.0,0,0.0,0.0
1516,15,19.0,24.54,28.59,0.0,2,0.275,0.2255
1517,15,19.25,,27.67,0.0,3,0.475,0.3895
1518,15,19.5,23.4,28.41,0.0,0,0.0,0.0
1519,15,19.75,23.96,27.87,0.0,0,0.0,0.0
1520,15,20.0,23.51,26.75,1.0,2,0.275,0.2255
1521,15,20.25,23.02,26.78,1.0,2,0.275,0.2255
1522,15,20.5,,25.74,1.0,0,0.0,0.0
1523,15,20.75,24.05,24.93,0.0,0,0.0,0.0
1524,15,21.0,23.37,25.09,1.0,2,0.275,0.2255
1525,15,21.25,21.37,25.24,0.0,3,0.475,0.3895
1526,15,21.5,19.35,23.29,0.0,3,0.475,0.3895
1527,15,21.75,18.58,23.76,0.0,2,0.275,0.2255
1528,15,22.0,18.54,23.63,0.0,1,0.125,0.1025
1529,15,22.25,17.87,25.39,0.0,2,0.275,0.2255
1530,15,22.5,17.06,22.12,0.0,2,0.275,0.2255
1531,15,22.75,16.46,23.87,0.0,2,0.275,0.2255
1532,15,23.0,17.13,23.16,0.0,0,0.0,0.0
1533,15,23.25,17.55,24.77,0.0,1,0.125,0.1025
1534,15,23.5,18.16,22.57,0.0,0,0.0,0.0
1535,15,23.75,18.31,24.48,0.0,1,0.125,0.1025
1536,16,0.0,,22.52,0.0,2,0.275,0.2255
1537,16,0.25,,23.37,0.0,2,0.275,0.2255
1538,16,0.5,16.4,25.53,0.0,2,0.275,0.2255
1539,16,0.75,17.38,24.68,0.0,0,0.0,0.0
1540,16,1.0,16.48,21.32,0.0,2,0.275,0.2255
1541,16,1.25,15.01,23.51,0.0,3,0.475,0.3895
1542,16,1.5,15.97,23.69,0.0,0,0.0,0.0
1543,16,1.75,17.14,25.33,0.0,0,0.0,0.0
1544,16,2.0,17.61,24.61,0.0,1,0.125,0.1025
1545,16,2.25,17.97,25.07,0.0,1,0.125,0.1025
1546,16,2.5,19.03,26.12,0.0,0,0.0,0.0
1547,16,2.75,18.48,26.43,0.0,2,0.275,0.2255
1548,16,3.0,17.92,26.15,0.0,2,0.275,0.2255
1549,16,3.25,19.02,27.38,0.0,0,0.0,0.0
1550,16,3.5,17.39,25.75,0.0,3,0.475,0.3895
1551,16,3.75,17.92,27.13,0.0,1,0.125,0.1025
1552,16,4.0,17.59,26.47,0.0,2,0.275,0.2255
1553,16,4.25,,29.68,0.0,3,0.475,0.3895
1554,16,4.5,15.76,27.81,0.0,3,0.475,0.3895
1555,16,4.75,16.85,29.05,0.0,1,0.125,0.1025
1556,16,5.0,17.52,26.69,0.0,1,0.125,0.1025
1557,16,5.25,17.36,27.98,0.0,2,0.275,0.2255
1558,16,5.5,17.33,29.56,0.0,2,0.275,0.2255
1559,16,5.75,17.39,30.11,0.0,2,0.275,0.2255
1560,16,6.0,17.46,28.79,0.0,2,0.275,0.2255
1561,16,6.25,18.54,31.45,0.0,1,0.125,0.1025
1562,16,6.5,18.48,29.76,0.0,2,0.275,0.2255
1563,16,6.75,18.03,33.04,,3,0.475,0.3895
1564,16,7.0,18.96,30.93,0.0,1,0.125,0.1025
1565,16,7.25,20.78,33.52,0.0,0,0.0,0.0
1566,16,7.5,22.39,33.83,0.0,0,0.0,0.0
1567,16,7.75,23.16,33.75,0.0,1,0.125,0.1025
1568,16,8.0,24.97,35.6,0.0,0,0.0,0.0
1569,16,8.25,25.93,35.26,0.0,1,0.125,0.1025
1570,16,8.5,26.68,34.21,0.0,1,0.125,0.1025
1571,16,8.75,26.64,34.27,0.0,2,0.275,0.2255
1572,16,9.0,28.63,35.21,1.0,0,0.0,0.0
1573,16,9.25,29.87,34.3,1.0,1,0.125,0.1025
1574,16,9.5,31.06,36.75,1.0,1,0.125,0.1025
1575,16,9.75,,33.56,1.0,1,0.125,0.1025
1576,16,10.0,32.86,33.62,1.0,0,0.0,0.0
1577,16,10.25,31.84,35.1,1.0,3,0.475,0.3895
1578,16,10.5,32.57,35.52,1.0,1,0.125,0.1025
1579,16,10.75,33.26,36.15,1.0,1,0.125,0.1025
1580,16,11.0,32.27,36.31,1.0,3,0.475,0.3895
1581,16,11.25,33.33,37.34,1.0,1,0.125,0.1025
1582,16,11.5,34.41,39.28,1.0,1,0.125,0.1025
1583,16,11.75,35.61,36.93,1.0,0,0.0,0.0
1584,16,12.0,36.09,36.43,1.0,1,0.125,0.1025
1585,16,12.25,34.54,35.22,1.0,3,0.475,0.3895
1586,16,12.5,33.45,35.99,1.0,3,0.475,0.3895
1587,16,12.75,34.92,37.62,1.0,0,0.0,0.0
1588,16,13.0,34.82,37.71,0.0,1,0.125,0.1025
1589,16,13.25,33.76,35.74,0.0,2,0.275,0.2255
1590,16,13.5,35.01,36.43,1.0,0,0.0,0.0
1591,16,13.75,33.02,34.97,0.0,3,0.475,0.3895
1592,16,14.0,32.8,35.58,1.0,2,0.275,0.2255
1593,16,14.25,33.37,34.76,1.0,1,0.125,0.1025
1594,16,14.5,33.86,34.67,1.0,1,0.125,0.1025
1595,16,14.75,33.34,,1.0,2,0.275,0.2255
1596,16,15.0,32.2,34.69,1.0,3,0.475,0.3895
1597,16,15.25,33.34,34.62,1.0,0,0.0,0.0
1598,16,15.5,32.89,34.14,1.0,2,0.275,0.2255
1599,16,15.75,33.74,33.2,1.0,0,0.0,0.0
1600,16,16.0,33.88,32.26,1.0,1,0.125,0.1025
1601,16,16.25,33.32,33.25,1.0,2,0.275,0.2255
1602,16,16.5,32.88,33.33,1.0,2,0.275,0.2255
1603,16,16.75,33.99,33.43,1.0,0,0.0,0.0
1604,16,17.0,33.96,30.88,1.0,1,0.125,0.1025
1605,16,17.25,31.9,31.22,1.0,3,0.475,0.3895
1606,16,17.5,31.75,-15.024463327591981,1.0,1,0.125,0.1025
1607,16,17.75,31.52,30.27,1.0,1,0.125,0.1025
1608,16,18.0,31.02,27.35,1.0,1,0.125,0.1025
1609,16,18.25,29.65,31.27,0.0,2,0.275,0.2255
1610,16,18.5,28.17,29.68,0.0,2,0.275,0.2255
1611,16,18.75,26.99,30.1,0.0,2,0.275,0.2255
1612,16,19.0,,28.57,0.0,2,0.275,0.2255
1613,16,19.25,25.38,27.35,0.0,1,0.125,0.1025
1614,16,19.5,25.66,27.37,1.0,1,0.125,0.1025
1615,16,19.75,25.78,26.59,0.0,0,0.0,0.0
1616,16,20.0,25.89,26.18,0.0,0,0.0,0.0
1617,16,20.25,68.43385775493678,25.51,0.0,0,0.0,0.0
1618,16,20.5,25.27,25.59,1.0,2,0.275,0.2255
1619,16,20.75,23.04,26.05,0.0,3,0.475,0.3895
1620,16,21.0,21.03,25.56,0.0,3,0.475,0.3895
1621,16,21.25,20.24,24.81,0.0,2,0.275,0.2255
1622,16,21.5,,24.25,0.0,1,0.125,0.1025
1623,16,21.75,,26.36,0.0,1,0.125,0.1025
1624,16,22.0,20.11,23.89,0.0,1,0.125,0.1025
1625,16,22.25,20.58,24.2,0.0,0,0.0,0.0
1626,16,22.5,20.3,23.61,0.0,1,0.125,0.1025
1627,16,22.75,20.58,22.8,0.0,0,0.0,0.0
1628,16,23.0,,24.01,0.0,2,0.275,0.2255
1629,16,23.25,18.62,24.31,0.0,2,0.275,0.2255
1630,16,23.5,19.33,23.76,0.0,0,0.0,0.0
1631,16,23.75,17.43,23.3,0.0,3,0.475,0.3895
1632,17,0.0,17.25,22.19,0.0,1,0.125,0.1025
1633,17,0.25,17.51,24.84,0.0,1,0.125,0.1025
1634,17,0.5,18.24,22.85,0.0,0,0.0,0.0
1635,17,0.75,16.84,25.1,0.0,3,0.475,0.3895
1636,17,1.0,17.07,23.34,0.0,1,0.125,0.1025
1637,17,1.25,15.79,25.99,0.0,3,0.475,0.3895
1638,17,1.5,15.07,21.96,0.0,2,0.275,0.2255
1639,17,1.75,14.94,25.83,0.0,2,0.275,0.2255
1640,17,2.0,14.78,24.89,0.0,2,0.275,0.2255
1641,17,2.25,15.86,23.76,0.0,0,0.0,0.0
1642,17,2.5,14.77,24.83,0.0,3,0.475,0.3895
1643,17,2.75,14.83,27.15,0.0,2,0.275,0.2255
1644,17,3.0,14.95,26.19,0.0,2,0.275,0.2255
1645,17,3.25,15.87,27.27,0.0,1,0.125,0.1025
1646,17,3.5,15.8,27.73,0.0,2,0.275,0.2255
1647,17,3.75,14.69,26.56,0.0,3,0.475,0.3895
1648,17,4.0,14.92,29.03,0.0,2,0.275,0.2255
1649,17,4.25,14.95,28.02,0.0,2,0.275,0.2255
1650,17,4.5,16.3,25.69,0.0,0,0.0,0.0
1651,17,4.75,16.3,27.93,0.0,2,0.275,0.2255
1652,17,5.0,16.36,29.54,0.0,2,0.275,0.2255
1653,17,5.25,16.53,29.52,0.0,2,0.275,0.2255
1654,17,5.5,16.86,30.24,0.0,2,0.275,0.2255
1655,17,5.75,17.83,29.67,0.0,1,0.125,0.1025
1656,17,6.0,17.87,29.68,0.0,2,0.275,0.2255
1657,17,6.25,19.33,29.97,0.0,0,0.0,0.0
1658,17,6.5,19.43,30.24,,2,0.275,0.2255
1659,17,6.75,18.52,32.36,0.0,3,0.475,0.3895
1660,17,7.0,18.39,29.28,0.0,2,0.275,0.2255
1661,17,7.25,17.89,33.08,0.0,3,0.475,0.3895
1662,17,7.5,19.79,32.81,0.0,0,0.0,0.0
1663,17,7.75,21.6,34.39,0.0,0,0.0,0.0
1664,17,8.0,23.28,32.91,0.0,0,0.0,0.0
1665,17,8.25,23.79,28.73,0.0,1,0.125,0.1025
1666,17,8.5,24.1,35.45,0.0,2,0.275,0.2255
1667,17,8.75,25.75,33.39,0.0,0,0.0,0.0
1668,17,9.0,,34.97,1.0,0,0.0,0.0
1669,17,9.25,28.24,34.69,1.0,2,0.275,0.2255
1670,17,9.5,27.57,33.98,1.0,3,0.475,0.3895
1671,17,9.75,28.85,36.15,1.0,1,0.125,0.1025
1672,17,10.0,29.99,35.45,1.0,1,0.125,0.1025
1673,17,10.25,31.54,34.39,1.0,0,0.0,0.0
1674,17,10.5,32.95,35.5,1.0,0,0.0,0.0
1675,17,10.75,31.8,35.3,1.0,3,0.475,0.3895
1676,17,11.0,31.69,34.74,1.0,2,0.275,0.2255
1677,17,11.25,31.65,35.78,1.0,2,0.275,0.2255
1678,17,11.5,32.86,34.32,1.0,0,0.0,0.0
1679,17,11.75,32.72,36.11,1.0,2,0.275,0.2255
1680,17,12.0,32.78,36.58,1.0,2,0.275,0.2255
1681,17,12.25,33.46,,1.0,1,0.125,0.1025
1682,17,12.5,33.24,35.56,1.0,2,0.275,0.2255
1683,17,12.75,34.58,36.6,1.0,0,0.0,0.0
1684,17,13.0,35.81,37.09,1.0,0,0.0,0.0
1685,17,13.25,36.16,35.73,1.0,1,0.125,0.1025
1686,17,13.5,,37.45,1.0,2,0.275,0.2255
1687,17,13.75,36.7,35.59,1.0,0,0.0,0.0
1688,17,14.0,35.33,36.04,1.0,3,0.475,0.3895
1689,17,14.25,36.05,37.2,1.0,1,0.125,0.1025
1690,17,14.5,35.66,36.55,1.0,2,0.275,0.2255
1691,17,14.75,35.14,35.18,1.0,2,0.275,0.2255
1692,17,15.0,36.02,34.26,1.0,0,0.0,0.0
1693,17,15.25,36.83,35.72,1.0,0,0.0,0.0
1694,17,15.5,36.5,36.85,1.0,2,0.275,0.2255
1695,17,15.75,35.41,32.42,1.0,2,0.275,0.2255
1696,17,16.0,34.69,34.18,1.0,2,0.275,0.2255
1697,17,16.25,35.41,33.66,1.0,0,0.0,0.0
1698,17,16.5,,31.98,1.0,2,0.275,0.2255
1699,17,16.75,35.09,30.47,1.0,0,0.0,0.0
1700,17,17.0,34.3,31.49,1.0,2,0.275,0.2255
1701,17,17.25,34.43,30.08,1.0,0,0.0,0.0
1702,17,17.5,33.75,28.88,1.0,1,0.125,0.1025
1703,17,17.75,33.22,30.45,1.0,1,0.125,0.1025
1704,17,18.0,32.74,29.57,1.0,1,0.125,0.1025
1705,17,18.25,31.62,28.9,0.0,1,0.125,0.1025
1706,17,18.5,29.23,30.77,0.0,3,0.475,0.3895
1707,17,18.75,27.97,29.92,0.0,2,0.275,0.2255
1708,17,19.0,27.56,29.69,0.0,1,0.125,0.1025
1709,17,19.25,26.2,28.15,0.0,2,0.275,0.2255
1710,17,19.5,26.87,26.05,1.0,0,0.0,0.0
1711,17,19.75,26.95,26.21,0.0,0,0.0,0.0
1712,17,20.0,,26.54,0.0,0,0.0,0.0
1713,17,20.25,27.17,27.65,1.0,1,0.125,0.1025
1714,17,20.5,25.64,25.14,0.0,2,0.275,0.2255
1715,17,20.75,24.95,26.69,1.0,2,0.275,0.2255
1716,17,21.0,22.9,27.06,0.0,3,0.475,0.3895
1717,17,21.25,21.8,25.64,0.0,2,0.275,0.2255
1718,17,21.5,,25.95,0.0,2,0.275,0.2255
1719,17,21.75,19.05,23.51,0.0,3,0.475,0.3895
1720,17,22.0,17.54,25.08,0.0,3,0.475,0.3895
1721,17,22.25,18.32,23.48,0.0,0,0.0,0.0
1722,17,22.5,18.35,23.02,0.0,1,0.125,0.1025
1723,17,22.75,18.89,23.7,0.0,0,0.0,0.0
1724,17,23.0,18.14,23.53,0.0,2,0.275,0.2255
1725,17,23.25,18.72,23.07,0.0,0,0.0,0.0
1726,17,23.5,17.08,23.82,0.0,3,0.475,0.3895
1727,17,23.75,17.89,23.08,0.0,0,0.0,0.0
1728,18,0.0,18.38,21.86,0.0,0,0.0,0.0
1729,18,0.25,18.89,22.17,0.0,0,0.0,0.0
1730,18,0.5,17.82,21.71,0.0,2,0.275,0.2255
1731,18,0.75,17.85,23.57,0.0,1,0.125,0.1025
1732,18,1.0,17.89,,0.0,1,0.125,0.1025
1733,18,1.25,17.05,23.08,0.0,2,0.275,0.2255
1734,18,1.5,15.9,27.5,0.0,3,0.475,0.3895
1735,18,1.75,16.82,23.75,0.0,0,0.0,0.0
1736,18,2.0,17.39,25.95,0.0,1,0.125,0.1025
1737,18,2.25,17.73,24.41,0.0,1,0.125,0.1025
1738,18,2.5,17.48,27.11,0.0,2,0.275,0.2255
1739,18,2.75,17.83,25.48,0.0,1,0.125,0.1025
1740,18,3.0,18.1,25.08,0.0,1,0.125,0.1025
1741,18,3.25,17.67,27.13,0.0,2,0.275,0.2255
1742,18,3.5,18.8,27.31,0.0,0,0.0,0.0
1743,18,3.75,18.52,27.85,0.0,2,0.275,0.2255
1744,18,4.0,19.58,27.41,0.0,0,0.0,0.0
1745,18,4.25,19.07,26.87,0.0,2,0.275,0.2255
1746,18,4.5,19.98,27.25,0.0,0,0.0,0.0
1747,18,4.75,18.58,26.82,0.0,3,0.475,0.3895
1748,18,5.0,17.21,26.7,0.0,3,0.475,0.3895
1749,18,5.25,16.19,27.37,0.0,3,0.475,0.3895
1750,18,5.5,17.26,30.39,0.0,1,0.125,0.1025
1751,18,5.75,17.39,30.47,0.0,2,0.275,0.2255
1752,18,6.0,18.87,-24.660713113291585,0.0,0,0.0,0.0
1753,18,6.25,18.56,28.95,0.0,2,0.275,0.2255
1754,18,6.5,19.44,30.45,0.0,1,0.125,0.1025
1755,18,6.75,19.47,31.91,0.0,2,0.275,0.2255
1756,18,7.0,19.29,30.26,0.0,2,0.275,0.2255
1757,18,7.25,19.38,32.42,0.0,2,0.275,0.2255
1758,18,7.5,18.77,,0.0,3,0.475,0.3895
1759,18,7.75,20.82,35.11,0.0,0,0.0,0.0
1760,18,8.0,21.94,33.0,0.0,1,0.125,0.1025
1761,18,8.25,23.62,32.41,0.0,0,0.0,0.0
1762,18,8.5,23.55,32.39,0.0,2,0.275,0.2255
1763,18,8.75,24.72,34.33,0.0,1,0.125,0.1025
1764,18,9.0,24.7,35.69,1.0,3,0.475,0.3895
1765,18,9.25,27.19,37.19,1.0,0,0.0,0.0
1766,18,9.5,,34.85,1.0,1,0.125,0.1025
1767,18,9.75,29.97,38.13,1.0,1,0.125,0.1025
1768,18,10.0,29.97,34.41,1.0,2,0.275,0.2255
1769,18,10.25,30.42,37.95,1.0,2,0.275,0.2255
1770,18,10.5,29.82,35.79,1.0,3,0.475,0.3895
1771,18,10.75,31.27,34.32,1.0,0,0.0,0.0
1772,18,11.0,30.73,36.78,1.0,3,0.475,0.3895
1773,18,11.25,30.78,35.46,1.0,2,0.275,0.2255
1774,18,11.5,30.1,36.39,1.0,3,0.475,0.3895
1775,18,11.75,31.21,36.74,1.0,1,0.125,0.1025
1776,18,12.0,32.8,36.35,1.0,0,0.0,0.0
1777,18,12.25,31.54,34.16,1.0,3,0.475,0.3895
1778,18,12.5,31.8,37.77,1.0,2,0.275,0.2255
1779,18,12.75,33.05,34.9,1.0,0,0.0,0.0
1780,18,13.0,31.76,32.98,1.0,3,0.475,0.3895
1781,18,13.25,33.48,38.88,1.0,0,0.0,0.0
1782,18,13.5,,37.0,1.0,2,0.275,0.2255
1783,18,13.75,34.36,37.31,1.0,1,0.125,0.1025
1784,18,14.0,,33.33,1.0,2,0.275,0.2255
1785,18,14.25,34.7,33.62,1.0,0,0.0,0.0
1786,18,14.5,33.53,36.33,1.0,3,0.475,0.3895
1787,18,14.75,33.77,33.26,1.0,1,0.125,0.1025
1788,18,15.0,32.53,34.28,1.0,3,0.475,0.3895
1789,18,15.25,,33.35,1.0,0,0.0,0.0
1790,18,15.5,33.31,34.02,1.0,2,0.275,0.2255
1791,18,15.75,32.26,35.47,,3,0.475,0.3895
1792,18,16.0,30.72,31.09,1.0,3,0.475,0.3895
1793,18,16.25,30.93,29.78,1.0,1,0.125,0.1025
1794,18,16.5,30.51,31.48,1.0,2,0.275,0.2255
1795,18,16.75,29.45,32.77,1.0,3,0.475,0.3895
1796,18,17.0,28.21,30.45,1.0,3,0.475,0.3895
1797,18,17.25,28.56,31.13,1.0,1,0.125,0.1025
1798,18,17.5,28.22,,,2,0.275,0.2255
1799,18,17.75,27.86,32.43,1.0,2,0.275,0.2255
1800,18,18.0,26.6,31.92,1.0,3,0.475,0.3895
1801,18,18.25,26.05,27.65,0.0,1,0.125,0.1025
1802,18,18.5,24.1,29.88,0.0,3,0.475,0.3895
1803,18,18.75,22.13,27.65,0.0,3,0.475,0.3895
1804,18,19.0,20.59,28.31,0.0,3,0.475,0.3895
1805,18,19.25,20.88,27.34,0.0,1,0.125,0.1025
1806,18,19.5,19.42,28.56,0.0,3,0.475,0.3895
1807,18,19.75,19.79,26.67,0.0,1,0.125,0.1025
1808,18,20.0,18.17,25.55,0.0,3,0.475,0.3895
1809,18,20.25,19.29,27.51,0.0,0,0.0,0.0
1810,18,20.5,19.09,22.85,0.0,1,0.125,0.1025
1811,18,20.75,18.73,27.75,,2,0.275,0.2255
1812,18,21.0,18.15,25.5,0.0,2,0.275,0.2255
1813,18,21.25,,24.99,0.0,0,0.0,0.0
1814,18,21.5,19.74,25.71,0.0,0,0.0,0.0
1815,18,21.75,18.96,25.56,0.0,2,0.275,0.2255
1816,18,22.0,17.96,21.67,0.0,2,0.275,0.2255
1817,18,22.25,16.38,24.21,0.0,3,0.475,0.3895
1818,18,22.5,16.77,24.82,0.0,1,0.125,0.1025
1819,18,22.75,15.01,22.11,0.0,3,0.475,0.3895
1820,18,23.0,,20.94,,1,0.125,0.1025
1821,18,23.25,15.55,23.18,0.0,1,0.125,0.1025
1822,18,23.5,16.17,21.15,0.0,0,0.0,0.0
1823,18,23.75,16.91,22.83,0.0,0,0.0,0.0
1824,19,0.0,17.39,21.74,0.0,0,0.0,0.0
1825,19,0.25,16.77,,,2,0.275,0.2255
1826,19,0.5,17.51,23.93,0.0,0,0.0,0.0
1827,19,0.75,17.5,22.08,0.0,1,0.125,0.1025
1828,19,1.0,17.89,25.54,,1,0.125,0.1025
1829,19,1.25,17.52,,0.0,2,0.275,0.2255
1830,19,1.5,18.47,25.12,0.0,0,0.0,0.0
1831,19,1.75,19.5,27.15,0.0,0,0.0,0.0
1832,19,2.0,18.47,23.0,0.0,2,0.275,0.2255
1833,19,2.25,17.04,25.87,0.0,3,0.475,0.3895
1834,19,2.5,18.19,26.16,0.0,0,0.0,0.0
1835,19,2.75,16.87,26.23,0.0,3,0.475,0.3895
1836,19,3.0,16.78,27.52,0.0,2,0.275,0.2255
1837,19,3.25,15.45,25.13,0.0,3,0.475,0.3895
1838,19,3.5,15.83,23.46,0.0,1,0.125,0.1025
1839,19,3.75,16.77,28.23,0.0,1,0.125,0.1025
1840,19,4.0,17.38,26.98,0.0,1,0.125,0.1025
1841,19,4.25,17.14,27.01,0.0,2,0.275,0.2255
1842,19,4.5,18.51,29.79,0.0,0,0.0,0.0
1843,19,4.75,18.19,28.12,0.0,2,0.275,0.2255
1844,19,5.0,19.74,30.33,0.0,0,0.0,0.0
1845,19,5.25,19.25,28.2,0.0,2,0.275,0.2255
1846,19,5.5,18.91,27.52,0.0,2,0.275,0.2255
1847,19,5.75,18.55,27.55,0.0,2,0.275,0.2255
1848,19,6.0,18.51,30.69,0.0,2,0.275,0.2255
1849,19,6.25,19.48,31.88,0.0,1,0.125,0.1025
1850,19,6.5,20.21,31.01,0.0,1,0.125,0.1025
1851,19,6.75,20.53,33.58,0.0,2,0.275,0.2255
1852,19,7.0,21.92,31.88,0.0,0,0.0,0.0
1853,19,7.25,21.52,31.43,0.0,2,0.275,0.2255
1854,19,7.5,20.32,31.88,0.0,3,0.475,0.3895
1855,19,7.75,21.1,31.85,0.0,1,0.125,0.1025
1856,19,8.0,21.82,35.68,0.0,2,0.275,0.2255
1857,19,8.25,21.34,34.62,0.0,3,0.475,0.3895
1858,19,8.5,22.18,36.16,0.0,2,0.275,0.2255
1859,19,8.75,22.1,31.35,0.0,2,0.275,0.2255
1860,19,9.0,24.5,34.48,1.0,0,0.0,0.0
1861,19,9.25,25.13,33.38,1.0,2,0.275,0.2255
1862,19,9.5,25.9,35.88,1.0,2,0.275,0.2255
1863,19,9.75,27.48,36.58,1.0,1,0.125,0.1025
1864,19,10.0,27.68,39.58,1.0,3,0.475,0.3895
1865,19,10.25,29.49,35.75,1.0,0,0.0,0.0
1866,19,10.5,29.63,34.9,1.0,2,0.275,0.2255
1867,19,10.75,30.68,36.72,1.0,1,0.125,0.1025
1868,19,11.0,30.6,33.4,1.0,2,0.275,0.2255
1869,19,11.25,31.49,35.4,1.0,1,0.125,0.1025
1870,19,11.5,33.13,36.65,1.0,0,0.0,0.0
1871,19,11.75,33.29,37.77,1.0,2,0.275,0.2255
1872,19,12.0,34.51,35.76,1.0,0,0.0,0.0
1873,19,12.25,34.14,35.94,1.0,2,0.275,0.2255
1874,19,12.5,34.63,34.64,1.0,1,0.125,0.1025
1875,19,12.75,33.42,36.51,1.0,3,0.475,0.3895
1876,19,13.0,34.33,39.01,1.0,1,0.125,0.1025
1877,19,13.25,33.45,37.12,1.0,3,0.475,0.3895
1878,19,13.5,34.33,38.07,1.0,1,0.125,0.1025
1879,19,13.75,32.9,34.3,1.0,3,0.475,0.3895
1880,19,14.0,32.15,35.84,0.0,2,0.275,0.2255
1881,19,14.25,32.98,32.79,1.0,0,0.0,0.0
1882,19,14.5,,36.26,1.0,0,0.0,0.0
1883,19,14.75,34.52,32.92,1.0,1,0.125,0.1025
1884,19,15.0,34.55,31.7,1.0,1,0.125,0.1025
1885,19,15.25,33.2,34.85,1.0,3,0.475,0.3895
1886,19,15.5,34.03,32.61,1.0,0,0.0,0.0
1887,19,15.75,34.67,36.12,1.0,1,0.125,0.1025
1888,19,16.0,34.86,32.46,1.0,1,0.125,0.1025
1889,19,16.25,33.17,32.08,1.0,3,0.475,0.3895
1890,19,16.5,34.38,35.43,1.0,0,0.0,0.0
1891,19,16.75,35.12,32.77,1.0,0,0.0,0.0
1892,19,17.0,33.12,29.82,1.0,3,0.475,0.3895
1893,19,17.25,31.16,31.24,1.0,3,0.475,0.3895
1894,19,17.5,31.64,29.37,1.0,0,0.0,0.0
1895,19,17.75,29.62,28.6,1.0,3,0.475,0.3895
1896,19,18.0,28.19,31.45,1.0,3,0.475,0.3895
1897,19,18.25,,30.13,0.0,1,0.125,0.1025
1898,19,18.5,25.45,27.95,0.0,3,0.475,0.3895
1899,19,18.75,71.91621623702953,29.74,0.0,2,0.275,0.2255
1900,19,19.0,22.52,27.95,0.0,3,0.475,0.3895
1901,19,19.25,23.47,30.37,0.0,0,0.0,0.0
1902,19,19.5,23.9,27.19,0.0,0,0.0,0.0
1903,19,19.75,23.75,27.4,0.0,1,0.125,0.1025
1904,19,20.0,23.07,28.98,0.0,2,0.275,0.2255
1905,19,20.25,,26.27,0.0,3,0.475,0.3895
1906,19,20.5,22.45,26.82,1.0,0,0.0,0.0
1907,19,20.75,23.58,25.4,1.0,0,0.0,0.0
1908,19,21.0,22.97,23.47,0.0,1,0.125,0.1025
1909,19,21.25,21.0,26.47,0.0,3,0.475,0.3895
1910,19,21.5,19.9,23.48,0.0,2,0.275,0.2255
1911,19,21.75,18.9,23.28,0.0,2,0.275,0.2255
1912,19,22.0,19.58,24.93,0.0,0,0.0,0.0
1913,19,22.25,19.7,25.23,0.0,1,0.125,0.1025
1914,19,22.5,,24.48,0.0,3,0.475,0.3895
1915,19,22.75,16.6,26.18,0.0,3,0.475,0.3895
1916,19,23.0,17.19,21.15,0.0,0,0.0,0.0
1917,19,23.25,15.53,22.9,0.0,3,0.475,0.3895
1918,19,23.5,15.98,23.77,,1,0.125,0.1025
1919,19,23.75,17.3,26.4,0.0,0,0.0,0.0
1920,20,0.0,17.5,23.43,0.0,1,0.125,0.1025
1921,20,0.25,16.37,21.43,0.0,2,0.275,0.2255
1922,20,0.5,16.49,23.56,,1,0.125,0.1025
1923,20,0.75,16.55,21.89,0.0,1,0.125,0.1025
1924,20,1.0,18.05,28.27,0.0,0,0.0,0.0
1925,20,1.25,17.57,20.17,0.0,1,0.125,0.1025
1926,20,1.5,16.92,22.6,0.0,2,0.275,0.2255
1927,20,1.75,16.72,20.79,0.0,1,0.125,0.1025
1928,20,2.0,16.21,23.92,0.0,2,0.275,0.2255
1929,20,2.25,16.88,26.45,0.0,1,0.125,0.1025
1930,20,2.5,16.44,25.8,0.0,2,0.275,0.2255
1931,20,2.75,17.05,25.67,0.0,1,0.125,0.1025
1932,20,3.0,17.69,27.22,0.0,1,0.125,0.1025
1933,20,3.25,16.89,22.4,0.0,2,0.275,0.2255
1934,20,3.5,16.48,26.23,0.0,2,0.275,0.2255
1935,20,3.75,17.56,26.06,0.0,0,0.0,0.0
1936,20,4.0,18.91,27.73,0.0,0,0.0,0.0
1937,20,4.25,18.65,28.02,0.0,2,0.275,0.2255
1938,20,4.5,17.49,28.54,0.0,3,0.475,0.3895
1939,20,4.75,18.94,29.4,0.0,0,0.0,0.0
1940,20,5.0,18.49,26.79,0.0,2,0.275,0.2255
1941,20,5.25,18.27,28.55,0.0,2,0.275,0.2255
1942,20,5.5,18.87,28.1,0.0,1,0.125,0.1025
1943,20,5.75,,27.39,0.0,2,0.275,0.2255
1944,20,6.0,17.71,29.71,0.0,3,0.475,0.3895
1945,20,6.25,19.63,,0.0,0,0.0,0.0
1946,20,6.5,19.41,29.54,0.0,2,0.275,0.2255
1947,20,6.75,20.17,30.65,0.0,1,0.125,0.1025
1948,20,7.0,19.0,29.17,0.0,3,0.475,0.3895
1949,20,7.25,21.13,35.82,0.0,0,0.0,0.0
1950,20,7.5,20.14,32.66,0.0,3,0.475,0.3895
1951,20,7.75,,35.07,0.0,3,0.475,0.3895
1952,20,8.0,21.8,34.3,0.0,0,0.0,0.0
1953,20,8.25,23.76,35.29,0.0,0,0.0,0.0
1954,20,8.5,,33.35,0.0,0,0.0,0.0
1955,20,8.75,26.19,35.75,0.0,1,0.125,0.1025
1956,20,9.0,27.05,29.67,1.0,1,0.125,0.1025
1957,20,9.25,29.13,36.36,1.0,0,0.0,0.0
1958,20,9.5,30.74,35.03,1.0,0,0.0,0.0
1959,20,9.75,32.67,39.15,1.0,0,0.0,0.0
1960,20,10.0,34.18,37.16,1.0,0,0.0,0.0
1961,20,10.25,33.11,36.09,1.0,3,0.475,0.3895
1962,20,10.5,34.18,40.04,1.0,1,0.125,0.1025
1963,20,10.75,34.45,40.16,1.0,2,0.275,0.2255
1964,20,11.0,34.43,38.52,1.0,2,0.275,0.2255
1965,20,11.25,34.37,37.79,1.0,2,0.275,0.2255
1966,20,11.5,35.82,38.26,1.0,0,0.0,0.0
1967,20,11.75,37.16,38.35,1.0,0,0.0,0.0
1968,20,12.0,38.14,38.29,1.0,0,0.0,0.0
1969,20,12.25,38.18,35.59,1.0,1,0.125,0.1025
1970,20,12.5,38.67,40.11,1.0,1,0.125,0.1025
1971,20,12.75,39.52,37.36,1.0,0,0.0,0.0
1972,20,13.0,37.41,32.73,1.0,3,0.475,0.3895
1973,20,13.25,36.02,34.24,0.0,2,0.275,0.2255
1974,20,13.5,36.65,32.68,1.0,0,0.0,0.0
1975,20,13.75,37.38,33.97,1.0,0,0.0,0.0
1976,20,14.0,38.41,38.23,1.0,0,0.0,0.0
1977,20,14.25,38.72,32.64,1.0,0,0.0,0.0
1978,20,14.5,38.81,-24.72757714046108,1.0,1,0.125,0.1025
1979,20,14.75,38.25,37.25,1.0,2,0.275,0.2255
1980,20,15.0,37.19,33.35,1.0,2,0.275,0.2255
1981,20,15.25,35.66,35.78,1.0,3,0.475,0.3895
1982,20,15.5,35.09,35.34,1.0,2,0.275,0.2255
1983,20,15.75,,30.32,,3,0.475,0.3895
1984,20,16.0,33.33,32.06,1.0,1,0.125,0.1025
1985,20,16.25,34.76,37.38,1.0,0,0.0,0.0
1986,20,16.5,34.38,29.13,1.0,1,0.125,0.1025
1987,20,16.75,33.55,30.93,1.0,2,0.275,0.2255
1988,20,17.0,33.4,29.46,1.0,1,0.125,0.1025
1989,20,17.25,34.0,,1.0,0,0.0,0.0
1990,20,17.5,,31.06,1.0,3,0.475,0.3895
1991,20,17.75,31.18,30.76,1.0,2,0.275,0.2255
1992,20,18.0,32.01,32.38,1.0,0,0.0,0.0
1993,20,18.25,29.31,29.36,0.0,3,0.475,0.3895
1994,20,18.5,28.02,29.86,0.0,2,0.275,0.2255
1995,20,18.75,28.21,,0.0,0,0.0,0.0
1996,20,19.0,26.62,26.73,0.0,2,0.275,0.2255
1997,20,19.25,24.83,,1.0,3,0.475,0.3895
1998,20,19.5,22.87,28.14,0.0,3,0.475,0.3895
1999,20,19.75,22.33,29.6,0.0,2,0.275,0.2255
